Index,IssueAge,CTP,TBL1CTP,MTP,TBL1MTP
13400,0,2.700000,0.140000,4.010000,0.600000
13400,1,2.690000,0.130000,3.980000,0.600000
13400,2,2.680000,0.130000,3.980000,0.600000
13400,3,2.660000,0.130000,3.890000,0.580000
13400,4,2.640000,0.130000,3.910000,0.590000
13400,5,2.610000,0.130000,3.910000,0.590000
13400,6,2.730000,0.140000,3.940000,0.590000
13400,7,2.860000,0.140000,4.060000,0.610000
13400,8,2.970000,0.150000,4.080000,0.610000
13400,9,3.100000,0.160000,4.200000,0.630000
13400,10,3.220000,0.160000,4.220000,0.630000
13400,11,3.410000,0.170000,4.340000,0.650000
13400,12,3.590000,0.180000,4.460000,0.670000
13400,13,3.780000,0.190000,4.580000,0.690000
13400,14,3.970000,0.200000,4.730000,0.710000
13400,15,4.150000,0.210000,4.850000,0.730000
13400,16,4.320000,0.220000,4.970000,0.750000
13400,17,4.470000,0.220000,5.090000,0.760000
13400,18,4.640000,0.230000,5.330000,0.800000
13400,19,4.800000,0.240000,5.450000,0.820000
13400,20,4.960000,0.250000,5.690000,0.850000
13400,21,5.150000,0.260000,5.810000,0.870000
13400,22,5.320000,0.270000,5.930000,0.890000
13400,23,5.510000,0.280000,6.070000,0.910000
13400,24,5.680000,0.280000,6.190000,0.930000
13400,25,5.870000,0.290000,6.410000,0.960000
13400,26,6.140000,0.310000,6.550000,0.980000
13400,27,6.400000,0.320000,6.670000,1.000000
13400,28,6.670000,0.330000,6.910000,1.040000
13400,29,6.930000,0.350000,7.060000,1.060000
13400,30,7.200000,0.360000,7.300000,1.100000
13400,31,7.580000,0.380000,7.540000,1.130000
13400,32,7.950000,0.400000,7.780000,1.170000
13400,33,8.330000,0.420000,8.040000,1.210000
13400,34,8.710000,0.440000,8.280000,1.240000
13400,35,9.090000,0.450000,8.540000,1.280000
13400,36,9.580000,0.480000,8.810000,1.320000
13400,37,10.070000,0.500000,9.170000,1.380000
13400,38,10.560000,0.530000,9.460000,1.420000
13400,39,11.050000,0.550000,9.820000,1.470000
13400,40,11.540000,0.580000,10.100000,1.520000
13400,41,12.220000,0.610000,10.580000,1.590000
13400,42,12.900000,0.650000,10.970000,1.650000
13400,43,13.580000,0.680000,11.350000,1.700000
13400,44,14.260000,0.710000,11.860000,1.780000
13400,45,14.940000,0.750000,12.240000,1.840000
13400,46,15.940000,0.800000,12.740000,1.910000
13400,47,16.940000,0.850000,13.250000,1.990000
13400,48,17.930000,0.900000,13.780000,2.070000
13400,49,18.940000,0.950000,14.280000,2.140000
13400,50,19.930000,1.000000,14.810000,2.220000
13400,51,21.230000,1.060000,15.430000,2.310000
13400,52,22.540000,1.130000,16.080000,2.410000
13400,53,23.830000,1.190000,16.630000,2.490000
13400,54,25.140000,1.260000,17.300000,2.600000
13400,55,26.440000,1.320000,17.980000,2.700000
13400,56,28.410000,1.420000,18.770000,2.820000
13400,57,30.370000,1.520000,19.560000,2.930000
13400,58,32.330000,1.620000,20.380000,3.060000
13400,59,34.290000,1.710000,21.220000,3.180000
13400,60,36.260000,1.810000,22.030000,3.300000
13400,61,38.950000,1.950000,23.040000,3.460000
13400,62,41.650000,2.080000,24.120000,3.620000
13400,63,44.340000,2.220000,25.340000,3.800000
13400,64,47.040000,2.350000,26.570000,3.990000
13400,65,49.730000,2.490000,27.910000,4.190000
13400,66,53.820000,2.690000,29.300000,4.400000
13400,67,57.200000,2.860000,30.700000,4.610000
13400,68,60.000000,3.000000,32.300000,4.850000
13400,69,60.000000,3.000000,33.910000,5.090000
13400,70,60.000000,3.000000,35.660000,5.350000
13400,71,60.000000,3.000000,37.150000,5.570000
13400,72,60.000000,3.000000,38.760000,5.810000
13400,73,60.000000,3.000000,40.390000,6.060000
13400,74,60.000000,3.000000,42.020000,6.300000
13400,75,60.000000,3.000000,43.780000,6.570000
13400,76,60.000000,3.000000,47.110000,7.070000
13400,77,60.000000,3.000000,50.980000,7.650000
13400,78,60.000000,3.000000,55.560000,8.330000
13400,79,60.000000,3.000000,61.010000,9.150000
13400,80,60.000000,3.000000,67.370000,10.110000
13400,81,60.000000,3.000000,75.460000,11.320000
13400,82,60.000000,3.000000,84.550000,12.680000
13400,83,60.000000,3.000000,95.210000,14.280000
13400,84,60.000000,3.000000,107.110000,16.070000
13400,85,60.000000,3.000000,119.380000,17.910000
13401,0,2.700000,0.140000,2.500000,0.380000
13401,1,2.690000,0.130000,2.500000,0.380000
13401,2,2.680000,0.130000,2.500000,0.380000
13401,3,2.660000,0.130000,2.620000,0.390000
13401,4,2.640000,0.130000,2.620000,0.390000
13401,5,2.610000,0.130000,2.740000,0.410000
13401,6,2.730000,0.140000,2.760000,0.410000
13401,7,2.860000,0.140000,2.880000,0.430000
13401,8,2.970000,0.150000,3.000000,0.450000
13401,9,3.100000,0.160000,3.020000,0.450000
13401,10,3.220000,0.160000,3.140000,0.470000
13401,11,3.410000,0.170000,3.260000,0.490000
13401,12,3.590000,0.180000,3.380000,0.510000
13401,13,3.780000,0.190000,3.410000,0.510000
13401,14,3.970000,0.200000,3.530000,0.530000
13401,15,4.150000,0.210000,3.650000,0.550000
13401,16,4.320000,0.220000,3.770000,0.570000
13401,17,4.470000,0.220000,3.890000,0.580000
13401,18,4.640000,0.230000,3.890000,0.580000
13401,19,4.800000,0.240000,4.010000,0.600000
13401,20,4.960000,0.250000,4.130000,0.620000
13401,21,5.150000,0.260000,4.250000,0.640000
13401,22,5.320000,0.270000,4.370000,0.660000
13401,23,5.510000,0.280000,4.490000,0.670000
13401,24,5.680000,0.280000,4.610000,0.690000
13401,25,5.870000,0.290000,4.730000,0.710000
13401,26,6.140000,0.310000,4.970000,0.750000
13401,27,6.400000,0.320000,5.090000,0.760000
13401,28,6.670000,0.330000,5.230000,0.780000
13401,29,6.930000,0.350000,5.450000,0.820000
13401,30,7.200000,0.360000,5.590000,0.840000
13401,31,7.580000,0.380000,5.830000,0.870000
13401,32,7.950000,0.400000,6.070000,0.910000
13401,33,8.330000,0.420000,6.340000,0.950000
13401,34,8.710000,0.440000,6.580000,0.990000
13401,35,9.090000,0.450000,6.840000,1.030000
13401,36,9.580000,0.480000,7.080000,1.060000
13401,37,10.070000,0.500000,7.340000,1.100000
13401,38,10.560000,0.530000,7.700000,1.160000
13401,39,11.050000,0.550000,7.970000,1.200000
13401,40,11.540000,0.580000,8.330000,1.250000
13401,41,12.220000,0.610000,8.710000,1.310000
13401,42,12.900000,0.650000,8.980000,1.350000
13401,43,13.580000,0.680000,9.360000,1.400000
13401,44,14.260000,0.710000,9.840000,1.480000
13401,45,14.940000,0.750000,10.220000,1.530000
13401,46,15.940000,0.800000,10.630000,1.590000
13401,47,16.940000,0.850000,11.140000,1.670000
13401,48,17.930000,0.900000,11.640000,1.750000
13401,49,18.940000,0.950000,12.050000,1.810000
13401,50,19.930000,1.000000,12.550000,1.880000
13401,51,21.230000,1.060000,13.180000,1.980000
13401,52,22.540000,1.130000,13.700000,2.060000
13401,53,23.830000,1.190000,14.330000,2.150000
13401,54,25.140000,1.260000,14.980000,2.250000
13401,55,26.440000,1.320000,15.530000,2.330000
13401,56,28.410000,1.420000,16.300000,2.450000
13401,57,30.370000,1.520000,17.060000,2.560000
13401,58,32.330000,1.620000,17.740000,2.660000
13401,59,34.290000,1.710000,18.530000,2.780000
13401,60,36.260000,1.810000,19.320000,2.900000
13401,61,38.950000,1.950000,20.350000,3.050000
13401,62,41.650000,2.080000,21.410000,3.210000
13401,63,44.340000,2.220000,22.580000,3.390000
13401,64,47.040000,2.350000,23.760000,3.560000
13401,65,49.730000,2.490000,25.150000,3.770000
13401,66,53.820000,2.690000,26.330000,3.950000
13401,67,57.200000,2.860000,27.620000,4.140000
13401,68,60.000000,3.000000,29.020000,4.350000
13401,69,60.000000,3.000000,30.410000,4.560000
13401,70,60.000000,3.000000,31.920000,4.790000
13401,71,60.000000,3.000000,33.020000,4.950000
13401,72,60.000000,3.000000,34.130000,5.120000
13401,73,60.000000,3.000000,35.230000,5.280000
13401,74,60.000000,3.000000,36.340000,5.450000
13401,75,60.000000,3.000000,37.510000,5.630000
13401,76,60.000000,3.000000,40.370000,6.060000
13401,77,60.000000,3.000000,43.970000,6.600000
13401,78,60.000000,3.000000,48.310000,7.250000
13401,79,60.000000,3.000000,53.660000,8.050000
13401,80,60.000000,3.000000,60.170000,9.030000
13401,81,60.000000,3.000000,68.040000,10.210000
13401,82,60.000000,3.000000,77.110000,11.570000
13401,83,60.000000,3.000000,87.460000,13.120000
13401,84,60.000000,3.000000,98.520000,14.780000
13401,85,60.000000,3.000000,110.020000,16.500000
13402,0,2.700000,0.140000,2.330000,0.350000
13402,1,2.690000,0.130000,2.260000,0.340000
13402,2,2.680000,0.130000,2.260000,0.340000
13402,3,2.660000,0.130000,2.350000,0.350000
13402,4,2.640000,0.130000,2.380000,0.360000
13402,5,2.610000,0.130000,2.400000,0.360000
13402,6,2.730000,0.140000,2.500000,0.380000
13402,7,2.860000,0.140000,2.620000,0.390000
13402,8,2.970000,0.150000,2.640000,0.400000
13402,9,3.100000,0.160000,2.760000,0.410000
13402,10,3.220000,0.160000,2.880000,0.430000
13402,11,3.410000,0.170000,2.900000,0.440000
13402,12,3.590000,0.180000,3.020000,0.450000
13402,13,3.780000,0.190000,3.140000,0.470000
13402,14,3.970000,0.200000,3.260000,0.490000
13402,15,4.150000,0.210000,3.380000,0.510000
13402,16,4.320000,0.220000,3.500000,0.530000
13402,17,4.470000,0.220000,3.620000,0.540000
13402,18,4.640000,0.230000,3.260000,0.490000
13402,19,4.800000,0.240000,3.380000,0.510000
13402,20,4.960000,0.250000,3.500000,0.530000
13402,21,5.150000,0.260000,3.620000,0.540000
13402,22,5.320000,0.270000,3.740000,0.560000
13402,23,5.510000,0.280000,3.840000,0.580000
13402,24,5.680000,0.280000,3.980000,0.600000
13402,25,5.870000,0.290000,4.100000,0.620000
13402,26,6.140000,0.310000,4.220000,0.630000
13402,27,6.400000,0.320000,4.340000,0.650000
13402,28,6.670000,0.330000,4.580000,0.690000
13402,29,6.930000,0.350000,4.700000,0.710000
13402,30,7.200000,0.360000,4.850000,0.730000
13402,31,7.580000,0.380000,5.090000,0.760000
13402,32,7.950000,0.400000,5.330000,0.800000
13402,33,8.330000,0.420000,5.570000,0.840000
13402,34,8.710000,0.440000,5.710000,0.860000
13402,35,9.090000,0.450000,5.980000,0.900000
13402,36,9.580000,0.480000,6.220000,0.930000
13402,37,10.070000,0.500000,6.480000,0.970000
13402,38,10.560000,0.530000,6.820000,1.020000
13402,39,11.050000,0.550000,7.080000,1.060000
13402,40,11.540000,0.580000,7.340000,1.100000
13402,41,12.220000,0.610000,7.730000,1.160000
13402,42,12.900000,0.650000,8.090000,1.210000
13402,43,13.580000,0.680000,8.470000,1.270000
13402,44,14.260000,0.710000,8.830000,1.320000
13402,45,14.940000,0.750000,9.220000,1.380000
13402,46,15.940000,0.800000,9.600000,1.440000
13402,47,16.940000,0.850000,10.100000,1.520000
13402,48,17.930000,0.900000,10.490000,1.570000
13402,49,18.940000,0.950000,10.990000,1.650000
13402,50,19.930000,1.000000,11.500000,1.730000
13402,51,21.230000,1.060000,12.020000,1.800000
13402,52,22.540000,1.130000,12.530000,1.880000
13402,53,23.830000,1.190000,13.060000,1.960000
13402,54,25.140000,1.260000,13.700000,2.060000
13402,55,26.440000,1.320000,14.230000,2.130000
13402,56,28.410000,1.420000,15.000000,2.250000
13402,57,30.370000,1.520000,15.650000,2.350000
13402,58,32.330000,1.620000,16.320000,2.450000
13402,59,34.290000,1.710000,17.110000,2.570000
13402,60,36.260000,1.810000,17.780000,2.670000
13402,61,38.950000,1.950000,18.720000,2.810000
13402,62,41.650000,2.080000,19.750000,2.960000
13402,63,44.340000,2.220000,20.830000,3.120000
13402,64,47.040000,2.350000,21.980000,3.300000
13402,65,49.730000,2.490000,23.180000,3.480000
13402,66,53.820000,2.690000,24.260000,3.640000
13402,67,57.200000,2.860000,25.440000,3.820000
13402,68,60.000000,3.000000,26.740000,4.010000
13402,69,60.000000,3.000000,28.030000,4.200000
13402,70,60.000000,3.000000,29.420000,4.410000
13402,71,60.000000,3.000000,30.500000,4.580000
13402,72,60.000000,3.000000,31.510000,4.730000
13402,73,60.000000,3.000000,32.520000,4.880000
13402,74,60.000000,3.000000,33.600000,5.040000
13402,75,60.000000,3.000000,34.700000,5.210000
13402,76,60.000000,3.000000,37.320000,5.600000
13402,77,60.000000,3.000000,40.680000,6.100000
13402,78,60.000000,3.000000,44.900000,6.740000
13402,79,60.000000,3.000000,50.040000,7.510000
13402,80,60.000000,3.000000,56.300000,8.450000
13402,81,60.000000,3.000000,64.300000,9.650000
13402,82,60.000000,3.000000,73.370000,11.010000
13402,83,60.000000,3.000000,83.740000,12.560000
13402,84,60.000000,3.000000,94.800000,14.220000
13402,85,60.000000,3.000000,106.440000,15.970000
13403,0,2.700000,0.140000,1.900000,0.290000
13403,1,2.690000,0.130000,1.900000,0.290000
13403,2,2.680000,0.130000,2.020000,0.300000
13403,3,2.660000,0.130000,2.020000,0.300000
13403,4,2.640000,0.130000,2.140000,0.320000
13403,5,2.610000,0.130000,2.160000,0.320000
13403,6,2.730000,0.140000,2.260000,0.340000
13403,7,2.860000,0.140000,2.280000,0.340000
13403,8,2.970000,0.150000,2.400000,0.360000
13403,9,3.100000,0.160000,2.520000,0.380000
13403,10,3.220000,0.160000,2.540000,0.380000
13403,11,3.410000,0.170000,2.660000,0.400000
13403,12,3.590000,0.180000,2.780000,0.420000
13403,13,3.780000,0.190000,2.930000,0.440000
13403,14,3.970000,0.200000,3.050000,0.460000
13403,15,4.150000,0.210000,3.170000,0.480000
13403,16,4.320000,0.220000,3.290000,0.490000
13403,17,4.470000,0.220000,3.410000,0.510000
13403,18,4.640000,0.230000,3.020000,0.450000
13403,19,4.800000,0.240000,3.140000,0.470000
13403,20,4.960000,0.250000,3.260000,0.490000
13403,21,5.150000,0.260000,3.380000,0.510000
13403,22,5.320000,0.270000,3.500000,0.530000
13403,23,5.510000,0.280000,3.620000,0.540000
13403,24,5.680000,0.280000,3.740000,0.560000
13403,25,5.870000,0.290000,3.860000,0.580000
13403,26,6.140000,0.310000,3.980000,0.600000
13403,27,6.400000,0.320000,4.220000,0.630000
13403,28,6.670000,0.330000,4.340000,0.650000
13403,29,6.930000,0.350000,4.490000,0.670000
13403,30,7.200000,0.360000,4.700000,0.710000
13403,31,7.580000,0.380000,4.850000,0.730000
13403,32,7.950000,0.400000,5.090000,0.760000
13403,33,8.330000,0.420000,5.350000,0.800000
13403,34,8.710000,0.440000,5.590000,0.840000
13403,35,9.090000,0.450000,5.830000,0.870000
13403,36,9.580000,0.480000,6.100000,0.920000
13403,37,10.070000,0.500000,6.340000,0.950000
13403,38,10.560000,0.530000,6.600000,0.990000
13403,39,11.050000,0.550000,6.860000,1.030000
13403,40,11.540000,0.580000,7.220000,1.080000
13403,41,12.220000,0.610000,7.490000,1.120000
13403,42,12.900000,0.650000,7.850000,1.180000
13403,43,13.580000,0.680000,8.230000,1.230000
13403,44,14.260000,0.710000,8.620000,1.290000
13403,45,14.940000,0.750000,8.980000,1.350000
13403,46,15.940000,0.800000,9.380000,1.410000
13403,47,16.940000,0.850000,9.860000,1.480000
13403,48,17.930000,0.900000,10.370000,1.560000
13403,49,18.940000,0.950000,10.780000,1.620000
13403,50,19.930000,1.000000,11.260000,1.690000
13403,51,21.230000,1.060000,11.780000,1.770000
13403,52,22.540000,1.130000,12.310000,1.850000
13403,53,23.830000,1.190000,12.940000,1.940000
13403,54,25.140000,1.260000,13.460000,2.020000
13403,55,26.440000,1.320000,14.090000,2.110000
13403,56,28.410000,1.420000,14.760000,2.210000
13403,57,30.370000,1.520000,15.430000,2.310000
13403,58,32.330000,1.620000,16.200000,2.430000
13403,59,34.290000,1.710000,16.870000,2.530000
13403,60,36.260000,1.810000,17.570000,2.640000
13403,61,38.950000,1.950000,18.480000,2.770000
13403,62,41.650000,2.080000,19.540000,2.930000
13403,63,44.340000,2.220000,20.590000,3.090000
13403,64,47.040000,2.350000,21.770000,3.270000
13403,65,49.730000,2.490000,22.940000,3.440000
13403,66,53.820000,2.690000,24.120000,3.620000
13403,67,57.200000,2.860000,25.300000,3.800000
13403,68,60.000000,3.000000,26.500000,3.980000
13403,69,60.000000,3.000000,27.890000,4.180000
13403,70,60.000000,3.000000,29.180000,4.380000
13403,71,60.000000,3.000000,30.190000,4.530000
13403,72,60.000000,3.000000,31.270000,4.690000
13403,73,60.000000,3.000000,32.280000,4.840000
13403,74,60.000000,3.000000,33.360000,5.000000
13403,75,60.000000,3.000000,34.340000,5.150000
13403,76,60.000000,3.000000,37.080000,5.560000
13403,77,60.000000,3.000000,40.440000,6.070000
13403,78,60.000000,3.000000,44.570000,6.690000
13403,79,60.000000,3.000000,49.680000,7.450000
13403,80,60.000000,3.000000,55.940000,8.390000
13403,81,60.000000,3.000000,63.960000,9.590000
13403,82,60.000000,3.000000,73.130000,10.970000
13403,83,60.000000,3.000000,83.380000,12.510000
13403,84,60.000000,3.000000,94.560000,14.180000
13403,85,60.000000,3.000000,106.180000,15.930000
13404,0,2.700000,0.140000,1.780000,0.270000
13404,1,2.690000,0.130000,1.780000,0.270000
13404,2,2.680000,0.130000,1.800000,0.270000
13404,3,2.660000,0.130000,1.900000,0.290000
13404,4,2.640000,0.130000,1.920000,0.290000
13404,5,2.610000,0.130000,2.020000,0.300000
13404,6,2.730000,0.140000,2.040000,0.310000
13404,7,2.860000,0.140000,2.160000,0.320000
13404,8,2.970000,0.150000,2.280000,0.340000
13404,9,3.100000,0.160000,2.300000,0.350000
13404,10,3.220000,0.160000,2.420000,0.360000
13404,11,3.410000,0.170000,2.540000,0.380000
13404,12,3.590000,0.180000,2.660000,0.400000
13404,13,3.780000,0.190000,2.780000,0.420000
13404,14,3.970000,0.200000,2.900000,0.440000
13404,15,4.150000,0.210000,3.020000,0.450000
13404,16,4.320000,0.220000,3.140000,0.470000
13404,17,4.470000,0.220000,3.190000,0.480000
13404,18,4.640000,0.230000,2.900000,0.440000
13404,19,4.800000,0.240000,3.020000,0.450000
13404,20,4.960000,0.250000,3.140000,0.470000
13404,21,5.150000,0.260000,3.260000,0.490000
13404,22,5.320000,0.270000,3.380000,0.510000
13404,23,5.510000,0.280000,3.500000,0.530000
13404,24,5.680000,0.280000,3.620000,0.540000
13404,25,5.870000,0.290000,3.740000,0.560000
13404,26,6.140000,0.310000,3.860000,0.580000
13404,27,6.400000,0.320000,4.100000,0.620000
13404,28,6.670000,0.330000,4.220000,0.630000
13404,29,6.930000,0.350000,4.370000,0.660000
13404,30,7.200000,0.360000,4.580000,0.690000
13404,31,7.580000,0.380000,4.730000,0.710000
13404,32,7.950000,0.400000,4.970000,0.750000
13404,33,8.330000,0.420000,5.210000,0.780000
13404,34,8.710000,0.440000,5.470000,0.820000
13404,35,9.090000,0.450000,5.620000,0.840000
13404,36,9.580000,0.480000,5.860000,0.880000
13404,37,10.070000,0.500000,6.220000,0.930000
13404,38,10.560000,0.530000,6.480000,0.970000
13404,39,11.050000,0.550000,6.740000,1.010000
13404,40,11.540000,0.580000,7.100000,1.070000
13404,41,12.220000,0.610000,7.370000,1.110000
13404,42,12.900000,0.650000,7.730000,1.160000
13404,43,13.580000,0.680000,8.110000,1.220000
13404,44,14.260000,0.710000,8.470000,1.270000
13404,45,14.940000,0.750000,8.860000,1.330000
13404,46,15.940000,0.800000,9.260000,1.390000
13404,47,16.940000,0.850000,9.740000,1.460000
13404,48,17.930000,0.900000,10.150000,1.520000
13404,49,18.940000,0.950000,10.630000,1.590000
13404,50,19.930000,1.000000,11.140000,1.670000
13404,51,21.230000,1.060000,11.660000,1.750000
13404,52,22.540000,1.130000,12.190000,1.830000
13404,53,23.830000,1.190000,12.790000,1.920000
13404,54,25.140000,1.260000,13.340000,2.000000
13404,55,26.440000,1.320000,13.970000,2.100000
13404,56,28.410000,1.420000,14.640000,2.200000
13404,57,30.370000,1.520000,15.290000,2.290000
13404,58,32.330000,1.620000,15.960000,2.390000
13404,59,34.290000,1.710000,16.750000,2.510000
13404,60,36.260000,1.810000,17.420000,2.610000
13404,61,38.950000,1.950000,18.360000,2.750000
13404,62,41.650000,2.080000,19.300000,2.900000
13404,63,44.340000,2.220000,20.470000,3.070000
13404,64,47.040000,2.350000,21.530000,3.230000
13404,65,49.730000,2.490000,22.820000,3.420000
13404,66,53.820000,2.690000,23.900000,3.590000
13404,67,57.200000,2.860000,25.080000,3.760000
13404,68,60.000000,3.000000,26.380000,3.960000
13404,69,60.000000,3.000000,27.670000,4.150000
13404,70,60.000000,3.000000,29.060000,4.360000
13404,71,60.000000,3.000000,30.050000,4.510000
13404,72,60.000000,3.000000,31.060000,4.660000
13404,73,60.000000,3.000000,32.040000,4.810000
13404,74,60.000000,3.000000,33.120000,4.970000
13404,75,60.000000,3.000000,34.220000,5.130000
13404,76,60.000000,3.000000,36.840000,5.530000
13404,77,60.000000,3.000000,40.200000,6.030000
13404,78,60.000000,3.000000,44.420000,6.660000
13404,79,60.000000,3.000000,49.560000,7.430000
13404,80,60.000000,3.000000,55.820000,8.370000
13404,81,60.000000,3.000000,63.820000,9.570000
13404,82,60.000000,3.000000,72.890000,10.930000
13404,83,60.000000,3.000000,83.230000,12.480000
13404,84,60.000000,3.000000,94.320000,14.150000
13404,85,60.000000,3.000000,105.940000,15.890000
13405,0,2.700000,,4.010000,
13405,1,2.690000,,3.980000,
13405,2,2.680000,,3.980000,
13405,3,2.660000,,3.890000,
13405,4,2.640000,,3.910000,
13405,5,2.610000,,3.910000,
13405,6,2.730000,,3.940000,
13405,7,2.860000,,4.060000,
13405,8,2.970000,,4.080000,
13405,9,3.100000,,4.200000,
13405,10,3.220000,,4.220000,
13405,11,3.410000,,4.340000,
13405,12,3.590000,,4.460000,
13405,13,3.780000,,4.580000,
13405,14,3.970000,,4.730000,
13405,15,4.150000,,4.850000,
13405,16,4.320000,,4.970000,
13405,17,4.470000,,5.090000,
13405,18,4.640000,,5.330000,
13405,19,4.800000,,5.450000,
13405,20,4.960000,,5.690000,
13405,21,5.150000,,5.810000,
13405,22,5.320000,,5.930000,
13405,23,5.510000,,6.070000,
13405,24,5.680000,,6.190000,
13405,25,5.870000,,6.410000,
13405,26,6.140000,,6.550000,
13405,27,6.400000,,6.670000,
13405,28,6.670000,,6.910000,
13405,29,6.930000,,7.060000,
13405,30,7.200000,,7.300000,
13405,31,7.580000,,7.540000,
13405,32,7.950000,,7.780000,
13405,33,8.330000,,8.040000,
13405,34,8.710000,,8.280000,
13405,35,9.090000,,8.540000,
13405,36,9.580000,,8.810000,
13405,37,10.070000,,9.170000,
13405,38,10.560000,,9.460000,
13405,39,11.050000,,9.820000,
13405,40,11.540000,,10.100000,
13405,41,12.220000,,10.580000,
13405,42,12.900000,,10.970000,
13405,43,13.580000,,11.350000,
13405,44,14.260000,,11.860000,
13405,45,14.940000,,12.240000,
13405,46,15.940000,,12.740000,
13405,47,16.940000,,13.250000,
13405,48,17.930000,,13.780000,
13405,49,18.940000,,14.280000,
13405,50,19.930000,,14.810000,
13405,51,21.230000,,15.430000,
13405,52,22.540000,,16.080000,
13405,53,23.830000,,16.630000,
13405,54,25.140000,,17.300000,
13405,55,26.440000,,17.980000,
13405,56,28.410000,,18.770000,
13405,57,30.370000,,19.560000,
13405,58,32.330000,,20.380000,
13405,59,34.290000,,21.220000,
13405,60,36.260000,,22.030000,
13405,61,38.950000,,23.040000,
13405,62,41.650000,,24.120000,
13405,63,44.340000,,25.340000,
13405,64,47.040000,,26.570000,
13405,65,49.730000,,27.910000,
13405,66,53.820000,,29.300000,
13405,67,57.200000,,30.700000,
13405,68,60.000000,,32.300000,
13405,69,60.000000,,33.910000,
13405,70,60.000000,,35.660000,
13405,71,60.000000,,37.150000,
13405,72,60.000000,,38.760000,
13405,73,60.000000,,40.390000,
13405,74,60.000000,,42.020000,
13405,75,60.000000,,43.780000,
13405,76,60.000000,,47.110000,
13405,77,60.000000,,50.980000,
13405,78,60.000000,,55.560000,
13405,79,60.000000,,61.010000,
13405,80,60.000000,,67.370000,
13405,81,60.000000,,75.460000,
13405,82,60.000000,,84.550000,
13405,83,60.000000,,95.210000,
13405,84,60.000000,,107.110000,
13405,85,60.000000,,119.380000,
13406,0,2.700000,,2.500000,
13406,1,2.690000,,2.500000,
13406,2,2.680000,,2.500000,
13406,3,2.660000,,2.620000,
13406,4,2.640000,,2.620000,
13406,5,2.610000,,2.740000,
13406,6,2.730000,,2.760000,
13406,7,2.860000,,2.880000,
13406,8,2.970000,,3.000000,
13406,9,3.100000,,3.020000,
13406,10,3.220000,,3.140000,
13406,11,3.410000,,3.260000,
13406,12,3.590000,,3.380000,
13406,13,3.780000,,3.410000,
13406,14,3.970000,,3.530000,
13406,15,4.150000,,3.650000,
13406,16,4.320000,,3.770000,
13406,17,4.470000,,3.890000,
13406,18,4.640000,,3.890000,
13406,19,4.800000,,4.010000,
13406,20,4.960000,,4.130000,
13406,21,5.150000,,4.250000,
13406,22,5.320000,,4.370000,
13406,23,5.510000,,4.490000,
13406,24,5.680000,,4.610000,
13406,25,5.870000,,4.730000,
13406,26,6.140000,,4.970000,
13406,27,6.400000,,5.090000,
13406,28,6.670000,,5.230000,
13406,29,6.930000,,5.450000,
13406,30,7.200000,,5.590000,
13406,31,7.580000,,5.830000,
13406,32,7.950000,,6.070000,
13406,33,8.330000,,6.340000,
13406,34,8.710000,,6.580000,
13406,35,9.090000,,6.840000,
13406,36,9.580000,,7.080000,
13406,37,10.070000,,7.340000,
13406,38,10.560000,,7.700000,
13406,39,11.050000,,7.970000,
13406,40,11.540000,,8.330000,
13406,41,12.220000,,8.710000,
13406,42,12.900000,,8.980000,
13406,43,13.580000,,9.360000,
13406,44,14.260000,,9.840000,
13406,45,14.940000,,10.220000,
13406,46,15.940000,,10.630000,
13406,47,16.940000,,11.140000,
13406,48,17.930000,,11.640000,
13406,49,18.940000,,12.050000,
13406,50,19.930000,,12.550000,
13406,51,21.230000,,13.180000,
13406,52,22.540000,,13.700000,
13406,53,23.830000,,14.330000,
13406,54,25.140000,,14.980000,
13406,55,26.440000,,15.530000,
13406,56,28.410000,,16.300000,
13406,57,30.370000,,17.060000,
13406,58,32.330000,,17.740000,
13406,59,34.290000,,18.530000,
13406,60,36.260000,,19.320000,
13406,61,38.950000,,20.350000,
13406,62,41.650000,,21.410000,
13406,63,44.340000,,22.580000,
13406,64,47.040000,,23.760000,
13406,65,49.730000,,25.150000,
13406,66,53.820000,,26.330000,
13406,67,57.200000,,27.620000,
13406,68,60.000000,,29.020000,
13406,69,60.000000,,30.410000,
13406,70,60.000000,,31.920000,
13406,71,60.000000,,33.020000,
13406,72,60.000000,,34.130000,
13406,73,60.000000,,35.230000,
13406,74,60.000000,,36.340000,
13406,75,60.000000,,37.510000,
13406,76,60.000000,,40.370000,
13406,77,60.000000,,43.970000,
13406,78,60.000000,,48.310000,
13406,79,60.000000,,53.660000,
13406,80,60.000000,,60.170000,
13406,81,60.000000,,68.040000,
13406,82,60.000000,,77.110000,
13406,83,60.000000,,87.460000,
13406,84,60.000000,,98.520000,
13406,85,60.000000,,110.020000,
13407,0,2.700000,,2.330000,
13407,1,2.690000,,2.260000,
13407,2,2.680000,,2.260000,
13407,3,2.660000,,2.350000,
13407,4,2.640000,,2.380000,
13407,5,2.610000,,2.400000,
13407,6,2.730000,,2.500000,
13407,7,2.860000,,2.620000,
13407,8,2.970000,,2.640000,
13407,9,3.100000,,2.760000,
13407,10,3.220000,,2.880000,
13407,11,3.410000,,2.900000,
13407,12,3.590000,,3.020000,
13407,13,3.780000,,3.140000,
13407,14,3.970000,,3.260000,
13407,15,4.150000,,3.380000,
13407,16,4.320000,,3.500000,
13407,17,4.470000,,3.620000,
13407,18,4.640000,,2.860000,
13407,19,4.800000,,2.880000,
13407,20,4.960000,,3.000000,
13407,21,5.150000,,3.120000,
13407,22,5.320000,,3.120000,
13407,23,5.510000,,3.240000,
13407,24,5.680000,,3.360000,
13407,25,5.870000,,3.480000,
13407,26,6.140000,,3.600000,
13407,27,6.400000,,3.720000,
13407,28,6.670000,,3.860000,
13407,29,6.930000,,4.080000,
13407,30,7.200000,,4.200000,
13407,31,7.580000,,4.340000,
13407,32,7.950000,,4.580000,
13407,33,8.330000,,4.700000,
13407,34,8.710000,,4.940000,
13407,35,9.090000,,5.090000,
13407,36,9.580000,,5.330000,
13407,37,10.070000,,5.570000,
13407,38,10.560000,,5.830000,
13407,39,11.050000,,6.070000,
13407,40,11.540000,,6.340000,
13407,41,12.220000,,6.580000,
13407,42,12.900000,,6.940000,
13407,43,13.580000,,7.200000,
13407,44,14.260000,,7.580000,
13407,45,14.940000,,7.850000,
13407,46,15.940000,,8.230000,
13407,47,16.940000,,8.590000,
13407,48,17.930000,,9.070000,
13407,49,18.940000,,9.480000,
13407,50,19.930000,,9.860000,
13407,51,21.230000,,10.370000,
13407,52,22.540000,,10.870000,
13407,53,23.830000,,11.380000,
13407,54,25.140000,,11.880000,
13407,55,26.440000,,12.410000,
13407,56,28.410000,,13.030000,
13407,57,30.370000,,13.580000,
13407,58,32.330000,,14.210000,
13407,59,34.290000,,14.860000,
13407,60,36.260000,,15.500000,
13407,61,38.950000,,16.320000,
13407,62,41.650000,,17.210000,
13407,63,44.340000,,18.140000,
13407,64,47.040000,,19.180000,
13407,65,49.730000,,20.300000,
13407,66,53.820000,,21.360000,
13407,67,57.200000,,22.420000,
13407,68,60.000000,,23.570000,
13407,69,60.000000,,24.740000,
13407,70,60.000000,,26.020000,
13407,71,60.000000,,26.880000,
13407,72,60.000000,,27.860000,
13407,73,60.000000,,28.820000,
13407,74,60.000000,,29.690000,
13407,75,60.000000,,30.770000,
13407,76,60.000000,,33.170000,
13407,77,60.000000,,36.410000,
13407,78,60.000000,,40.630000,
13407,79,60.000000,,45.550000,
13407,80,60.000000,,51.840000,
13407,81,60.000000,,59.590000,
13407,82,60.000000,,68.740000,
13407,83,60.000000,,78.940000,
13407,84,60.000000,,90.050000,
13407,85,60.000000,,101.860000,
13408,0,2.700000,,1.900000,
13408,1,2.690000,,1.900000,
13408,2,2.680000,,2.020000,
13408,3,2.660000,,2.020000,
13408,4,2.640000,,2.140000,
13408,5,2.610000,,2.160000,
13408,6,2.730000,,2.260000,
13408,7,2.860000,,2.280000,
13408,8,2.970000,,2.400000,
13408,9,3.100000,,2.520000,
13408,10,3.220000,,2.540000,
13408,11,3.410000,,2.660000,
13408,12,3.590000,,2.780000,
13408,13,3.780000,,2.930000,
13408,14,3.970000,,3.050000,
13408,15,4.150000,,3.170000,
13408,16,4.320000,,3.290000,
13408,17,4.470000,,3.410000,
13408,18,4.640000,,2.640000,
13408,19,4.800000,,2.640000,
13408,20,4.960000,,2.760000,
13408,21,5.150000,,2.880000,
13408,22,5.320000,,3.000000,
13408,23,5.510000,,3.120000,
13408,24,5.680000,,3.140000,
13408,25,5.870000,,3.240000,
13408,26,6.140000,,3.380000,
13408,27,6.400000,,3.600000,
13408,28,6.670000,,3.720000,
13408,29,6.930000,,3.840000,
13408,30,7.200000,,3.980000,
13408,31,7.580000,,4.200000,
13408,32,7.950000,,4.340000,
13408,33,8.330000,,4.490000,
13408,34,8.710000,,4.730000,
13408,35,9.090000,,4.970000,
13408,36,9.580000,,5.110000,
13408,37,10.070000,,5.350000,
13408,38,10.560000,,5.590000,
13408,39,11.050000,,5.860000,
13408,40,11.540000,,6.100000,
13408,41,12.220000,,6.460000,
13408,42,12.900000,,6.720000,
13408,43,13.580000,,6.980000,
13408,44,14.260000,,7.340000,
13408,45,14.940000,,7.700000,
13408,46,15.940000,,8.090000,
13408,47,16.940000,,8.470000,
13408,48,17.930000,,8.860000,
13408,49,18.940000,,9.240000,
13408,50,19.930000,,9.720000,
13408,51,21.230000,,10.130000,
13408,52,22.540000,,10.630000,
13408,53,23.830000,,11.140000,
13408,54,25.140000,,11.660000,
13408,55,26.440000,,12.170000,
13408,56,28.410000,,12.790000,
13408,57,30.370000,,13.440000,
13408,58,32.330000,,13.990000,
13408,59,34.290000,,14.640000,
13408,60,36.260000,,15.290000,
13408,61,38.950000,,16.080000,
13408,62,41.650000,,16.990000,
13408,63,44.340000,,18.000000,
13408,64,47.040000,,19.030000,
13408,65,49.730000,,20.090000,
13408,66,53.820000,,21.120000,
13408,67,57.200000,,22.180000,
13408,68,60.000000,,23.330000,
13408,69,60.000000,,24.500000,
13408,70,60.000000,,25.780000,
13408,71,60.000000,,26.640000,
13408,72,60.000000,,27.600000,
13408,73,60.000000,,28.580000,
13408,74,60.000000,,29.450000,
13408,75,60.000000,,30.530000,
13408,76,60.000000,,32.980000,
13408,77,60.000000,,36.220000,
13408,78,60.000000,,40.440000,
13408,79,60.000000,,45.360000,
13408,80,60.000000,,51.650000,
13408,81,60.000000,,59.350000,
13408,82,60.000000,,68.500000,
13408,83,60.000000,,78.700000,
13408,84,60.000000,,89.810000,
13408,85,60.000000,,101.520000,
13409,0,2.700000,,1.780000,
13409,1,2.690000,,1.780000,
13409,2,2.680000,,1.800000,
13409,3,2.660000,,1.900000,
13409,4,2.640000,,1.920000,
13409,5,2.610000,,2.020000,
13409,6,2.730000,,2.040000,
13409,7,2.860000,,2.160000,
13409,8,2.970000,,2.280000,
13409,9,3.100000,,2.300000,
13409,10,3.220000,,2.420000,
13409,11,3.410000,,2.540000,
13409,12,3.590000,,2.660000,
13409,13,3.780000,,2.780000,
13409,14,3.970000,,2.900000,
13409,15,4.150000,,3.020000,
13409,16,4.320000,,3.140000,
13409,17,4.470000,,3.190000,
13409,18,4.640000,,2.400000,
13409,19,4.800000,,2.520000,
13409,20,4.960000,,2.640000,
13409,21,5.150000,,2.760000,
13409,22,5.320000,,2.780000,
13409,23,5.510000,,2.880000,
13409,24,5.680000,,3.000000,
13409,25,5.870000,,3.120000,
13409,26,6.140000,,3.240000,
13409,27,6.400000,,3.380000,
13409,28,6.670000,,3.500000,
13409,29,6.930000,,3.720000,
13409,30,7.200000,,3.860000,
13409,31,7.580000,,3.980000,
13409,32,7.950000,,4.220000,
13409,33,8.330000,,4.370000,
13409,34,8.710000,,4.580000,
13409,35,9.090000,,4.730000,
13409,36,9.580000,,4.970000,
13409,37,10.070000,,5.230000,
13409,38,10.560000,,5.470000,
13409,39,11.050000,,5.710000,
13409,40,11.540000,,5.980000,
13409,41,12.220000,,6.240000,
13409,42,12.900000,,6.600000,
13409,43,13.580000,,6.860000,
13409,44,14.260000,,7.220000,
13409,45,14.940000,,7.580000,
13409,46,15.940000,,7.970000,
13409,47,16.940000,,8.350000,
13409,48,17.930000,,8.740000,
13409,49,18.940000,,9.120000,
13409,50,19.930000,,9.500000,
13409,51,21.230000,,10.010000,
13409,52,22.540000,,10.510000,
13409,53,23.830000,,11.020000,
13409,54,25.140000,,11.520000,
13409,55,26.440000,,12.050000,
13409,56,28.410000,,12.670000,
13409,57,30.370000,,13.220000,
13409,58,32.330000,,13.850000,
13409,59,34.290000,,14.500000,
13409,60,36.260000,,15.140000,
13409,61,38.950000,,15.940000,
13409,62,41.650000,,16.850000,
13409,63,44.340000,,17.760000,
13409,64,47.040000,,18.820000,
13409,65,49.730000,,19.940000,
13409,66,53.820000,,20.900000,
13409,67,57.200000,,22.060000,
13409,68,60.000000,,23.110000,
13409,69,60.000000,,24.380000,
13409,70,60.000000,,25.660000,
13409,71,60.000000,,26.520000,
13409,72,60.000000,,27.380000,
13409,73,60.000000,,28.340000,
13409,74,60.000000,,29.330000,
13409,75,60.000000,,30.290000,
13409,76,60.000000,,32.880000,
13409,77,60.000000,,36.120000,
13409,78,60.000000,,40.250000,
13409,79,60.000000,,45.170000,
13409,80,60.000000,,51.460000,
13409,81,60.000000,,59.140000,
13409,82,60.000000,,68.280000,
13409,83,60.000000,,78.460000,
13409,84,60.000000,,89.570000,
13409,85,60.000000,,101.380000,
13410,0,2.700000,,4.010000,
13410,1,2.690000,,3.980000,
13410,2,2.680000,,3.980000,
13410,3,2.660000,,3.890000,
13410,4,2.640000,,3.910000,
13410,5,2.610000,,3.910000,
13410,6,2.730000,,3.940000,
13410,7,2.860000,,4.060000,
13410,8,2.970000,,4.080000,
13410,9,3.100000,,4.200000,
13410,10,3.220000,,4.220000,
13410,11,3.410000,,4.340000,
13410,12,3.590000,,4.460000,
13410,13,3.780000,,4.580000,
13410,14,3.970000,,4.730000,
13410,15,4.150000,,4.850000,
13410,16,4.740000,,6.290000,
13410,17,4.920000,,6.500000,
13410,18,5.100000,,7.130000,
13410,19,5.280000,,7.270000,
13410,20,5.460000,,7.510000,
13410,21,5.650000,,7.750000,
13410,22,5.850000,,7.990000,
13410,23,6.060000,,8.230000,
13410,24,6.250000,,8.470000,
13410,25,6.450000,,8.710000,
13410,26,6.770000,,8.980000,
13410,27,7.090000,,9.310000,
13410,28,7.410000,,9.580000,
13410,29,7.730000,,9.940000,
13410,30,8.060000,,10.200000,
13410,31,8.530000,,10.580000,
13410,32,9.020000,,10.970000,
13410,33,9.490000,,11.450000,
13410,34,9.980000,,11.860000,
13410,35,10.450000,,12.340000,
13410,36,11.130000,,12.840000,
13410,37,11.810000,,13.370000,
13410,38,12.490000,,13.870000,
13410,39,13.170000,,14.500000,
13410,40,13.840000,,15.120000,
13410,41,14.660000,,15.770000,
13410,42,15.480000,,16.510000,
13410,43,16.300000,,17.160000,
13410,44,17.110000,,18.000000,
13410,45,17.930000,,18.770000,
13410,46,19.130000,,19.630000,
13410,47,20.320000,,20.420000,
13410,48,21.520000,,21.310000,
13410,49,22.720000,,22.300000,
13410,50,23.920000,,23.210000,
13410,51,25.480000,,24.240000,
13410,52,27.040000,,25.270000,
13410,53,28.610000,,26.330000,
13410,54,30.170000,,27.500000,
13410,55,31.730000,,28.680000,
13410,56,34.080000,,29.900000,
13410,57,36.440000,,31.250000,
13410,58,38.790000,,32.620000,
13410,59,41.150000,,33.890000,
13410,60,43.500000,,35.280000,
13410,61,46.430000,,36.790000,
13410,62,49.350000,,38.500000,
13410,63,52.270000,,40.220000,
13410,64,55.190000,,42.070000,
13410,65,58.120000,,44.020000,
13410,66,60.000000,,45.580000,
13410,67,60.000000,,47.260000,
13410,68,60.000000,,48.960000,
13410,69,60.000000,,50.690000,
13410,70,60.000000,,52.490000,
13410,71,60.000000,,54.500000,
13410,72,60.000000,,56.420000,
13410,73,60.000000,,58.560000,
13410,74,60.000000,,60.580000,
13410,75,60.000000,,62.620000,
13410,76,60.000000,,66.620000,
13410,77,60.000000,,71.350000,
13410,78,60.000000,,76.900000,
13410,79,60.000000,,83.470000,
13410,80,60.000000,,91.220000,
13410,81,60.000000,,101.400000,
13410,82,60.000000,,112.700000,
13410,83,60.000000,,125.620000,
13410,84,60.000000,,140.160000,
13410,85,60.000000,,155.040000,
13411,0,2.700000,,2.500000,
13411,1,2.690000,,2.500000,
13411,2,2.680000,,2.500000,
13411,3,2.660000,,2.620000,
13411,4,2.640000,,2.620000,
13411,5,2.610000,,2.740000,
13411,6,2.730000,,2.760000,
13411,7,2.860000,,2.880000,
13411,8,2.970000,,3.000000,
13411,9,3.100000,,3.020000,
13411,10,3.220000,,3.140000,
13411,11,3.410000,,3.260000,
13411,12,3.590000,,3.380000,
13411,13,3.780000,,3.410000,
13411,14,3.970000,,3.530000,
13411,15,4.150000,,3.650000,
13411,16,4.740000,,5.210000,
13411,17,4.920000,,5.330000,
13411,18,5.100000,,5.660000,
13411,19,5.280000,,5.900000,
13411,20,5.460000,,6.020000,
13411,21,5.650000,,6.260000,
13411,22,5.850000,,6.410000,
13411,23,6.060000,,6.650000,
13411,24,6.250000,,6.890000,
13411,25,6.450000,,7.130000,
13411,26,6.770000,,7.370000,
13411,27,7.090000,,7.630000,
13411,28,7.410000,,7.970000,
13411,29,7.730000,,8.230000,
13411,30,8.060000,,8.590000,
13411,31,8.530000,,8.980000,
13411,32,9.020000,,9.340000,
13411,33,9.490000,,9.820000,
13411,34,9.980000,,10.200000,
13411,35,10.450000,,10.700000,
13411,36,11.130000,,11.180000,
13411,37,11.810000,,11.690000,
13411,38,12.490000,,12.190000,
13411,39,13.170000,,12.790000,
13411,40,13.840000,,13.320000,
13411,41,14.660000,,13.940000,
13411,42,15.480000,,14.570000,
13411,43,16.300000,,15.310000,
13411,44,17.110000,,16.030000,
13411,45,17.930000,,16.800000,
13411,46,19.130000,,17.570000,
13411,47,20.320000,,18.430000,
13411,48,21.520000,,19.300000,
13411,49,22.720000,,20.180000,
13411,50,23.920000,,21.100000,
13411,51,25.480000,,22.100000,
13411,52,27.040000,,23.260000,
13411,53,28.610000,,24.290000,
13411,54,30.170000,,25.440000,
13411,55,31.730000,,26.710000,
13411,56,34.080000,,28.010000,
13411,57,36.440000,,29.420000,
13411,58,38.790000,,30.840000,
13411,59,41.150000,,32.260000,
13411,60,43.500000,,33.700000,
13411,61,46.430000,,35.330000,
13411,62,49.350000,,37.060000,
13411,63,52.270000,,38.930000,
13411,64,55.190000,,40.800000,
13411,65,58.120000,,42.770000,
13411,66,60.000000,,44.090000,
13411,67,60.000000,,45.500000,
13411,68,60.000000,,46.940000,
13411,69,60.000000,,48.380000,
13411,70,60.000000,,49.800000,
13411,71,60.000000,,51.340000,
13411,72,60.000000,,52.850000,
13411,73,60.000000,,54.360000,
13411,74,60.000000,,55.870000,
13411,75,60.000000,,57.260000,
13411,76,60.000000,,61.130000,
13411,77,60.000000,,65.860000,
13411,78,60.000000,,71.540000,
13411,79,60.000000,,78.340000,
13411,80,60.000000,,86.380000,
13411,81,60.000000,,96.380000,
13411,82,60.000000,,107.640000,
13411,83,60.000000,,120.340000,
13411,84,60.000000,,133.610000,
13411,85,60.000000,,147.050000,
13412,0,2.700000,,2.330000,
13412,1,2.690000,,2.260000,
13412,2,2.680000,,2.260000,
13412,3,2.660000,,2.350000,
13412,4,2.640000,,2.380000,
13412,5,2.610000,,2.400000,
13412,6,2.730000,,2.500000,
13412,7,2.860000,,2.620000,
13412,8,2.970000,,2.640000,
13412,9,3.100000,,2.760000,
13412,10,3.220000,,2.880000,
13412,11,3.410000,,2.900000,
13412,12,3.590000,,3.020000,
13412,13,3.780000,,3.140000,
13412,14,3.970000,,3.260000,
13412,15,4.150000,,3.380000,
13412,16,4.740000,,4.850000,
13412,17,4.920000,,5.090000,
13412,18,5.100000,,4.420000,
13412,19,5.280000,,4.540000,
13412,20,5.460000,,4.680000,
13412,21,5.650000,,4.900000,
13412,22,5.850000,,5.040000,
13412,23,6.060000,,5.260000,
13412,24,6.250000,,5.400000,
13412,25,6.450000,,5.640000,
13412,26,6.770000,,5.780000,
13412,27,7.090000,,6.020000,
13412,28,7.410000,,6.260000,
13412,29,7.730000,,6.530000,
13412,30,8.060000,,6.770000,
13412,31,8.530000,,7.130000,
13412,32,9.020000,,7.390000,
13412,33,9.490000,,7.750000,
13412,34,9.980000,,8.110000,
13412,35,10.450000,,8.500000,
13412,36,11.130000,,8.880000,
13412,37,11.810000,,9.260000,
13412,38,12.490000,,9.740000,
13412,39,13.170000,,10.250000,
13412,40,13.840000,,10.630000,
13412,41,14.660000,,11.230000,
13412,42,15.480000,,11.760000,
13412,43,16.300000,,12.360000,
13412,44,17.110000,,12.890000,
13412,45,17.930000,,13.610000,
13412,46,19.130000,,14.260000,
13412,47,20.320000,,15.000000,
13412,48,21.520000,,15.740000,
13412,49,22.720000,,16.490000,
13412,50,23.920000,,17.260000,
13412,51,25.480000,,18.140000,
13412,52,27.040000,,19.030000,
13412,53,28.610000,,19.940000,
13412,54,30.170000,,20.860000,
13412,55,31.730000,,21.860000,
13412,56,34.080000,,22.920000,
13412,57,36.440000,,24.070000,
13412,58,38.790000,,25.150000,
13412,59,41.150000,,26.300000,
13412,60,43.500000,,27.410000,
13412,61,46.430000,,28.780000,
13412,62,49.350000,,30.260000,
13412,63,52.270000,,31.750000,
13412,64,55.190000,,33.360000,
13412,65,58.120000,,34.990000,
13412,66,60.000000,,36.000000,
13412,67,60.000000,,37.130000,
13412,68,60.000000,,38.260000,
13412,69,60.000000,,39.380000,
13412,70,60.000000,,40.420000,
13412,71,60.000000,,41.620000,
13412,72,60.000000,,42.720000,
13412,73,60.000000,,43.800000,
13412,74,60.000000,,44.900000,
13412,75,60.000000,,45.860000,
13412,76,60.000000,,49.460000,
13412,77,60.000000,,53.810000,
13412,78,60.000000,,59.260000,
13412,79,60.000000,,65.930000,
13412,80,60.000000,,73.870000,
13412,81,60.000000,,84.140000,
13412,82,60.000000,,95.400000,
13412,83,60.000000,,107.860000,
13412,84,60.000000,,121.200000,
13412,85,60.000000,,135.070000,
13413,0,2.700000,,1.900000,
13413,1,2.690000,,1.900000,
13413,2,2.680000,,2.020000,
13413,3,2.660000,,2.020000,
13413,4,2.640000,,2.140000,
13413,5,2.610000,,2.160000,
13413,6,2.730000,,2.260000,
13413,7,2.860000,,2.280000,
13413,8,2.970000,,2.400000,
13413,9,3.100000,,2.520000,
13413,10,3.220000,,2.540000,
13413,11,3.410000,,2.660000,
13413,12,3.590000,,2.780000,
13413,13,3.780000,,2.930000,
13413,14,3.970000,,3.050000,
13413,15,4.150000,,3.170000,
13413,16,4.740000,,4.610000,
13413,17,4.920000,,4.850000,
13413,18,5.100000,,4.180000,
13413,19,5.280000,,4.320000,
13413,20,5.460000,,4.540000,
13413,21,5.650000,,4.680000,
13413,22,5.850000,,4.800000,
13413,23,6.060000,,5.040000,
13413,24,6.250000,,5.160000,
13413,25,6.450000,,5.400000,
13413,26,6.770000,,5.640000,
13413,27,7.090000,,5.880000,
13413,28,7.410000,,6.020000,
13413,29,7.730000,,6.290000,
13413,30,8.060000,,6.620000,
13413,31,8.530000,,6.890000,
13413,32,9.020000,,7.250000,
13413,33,9.490000,,7.510000,
13413,34,9.980000,,7.900000,
13413,35,10.450000,,8.260000,
13413,36,11.130000,,8.640000,
13413,37,11.810000,,9.120000,
13413,38,12.490000,,9.500000,
13413,39,13.170000,,10.010000,
13413,40,13.840000,,10.510000,
13413,41,14.660000,,11.020000,
13413,42,15.480000,,11.520000,
13413,43,16.300000,,12.120000,
13413,44,17.110000,,12.740000,
13413,45,17.930000,,13.370000,
13413,46,19.130000,,14.020000,
13413,47,20.320000,,14.760000,
13413,48,21.520000,,15.500000,
13413,49,22.720000,,16.270000,
13413,50,23.920000,,17.040000,
13413,51,25.480000,,17.900000,
13413,52,27.040000,,18.820000,
13413,53,28.610000,,19.700000,
13413,54,30.170000,,20.620000,
13413,55,31.730000,,21.620000,
13413,56,34.080000,,22.680000,
13413,57,36.440000,,23.830000,
13413,58,38.790000,,24.910000,
13413,59,41.150000,,26.090000,
13413,60,43.500000,,27.170000,
13413,61,46.430000,,28.540000,
13413,62,49.350000,,30.020000,
13413,63,52.270000,,31.510000,
13413,64,55.190000,,33.120000,
13413,65,58.120000,,34.750000,
13413,66,60.000000,,35.880000,
13413,67,60.000000,,36.890000,
13413,68,60.000000,,38.020000,
13413,69,60.000000,,39.140000,
13413,70,60.000000,,40.180000,
13413,71,60.000000,,41.380000,
13413,72,60.000000,,42.460000,
13413,73,60.000000,,43.560000,
13413,74,60.000000,,44.640000,
13413,75,60.000000,,45.600000,
13413,76,60.000000,,49.100000,
13413,77,60.000000,,53.570000,
13413,78,60.000000,,58.990000,
13413,79,60.000000,,65.570000,
13413,80,60.000000,,73.630000,
13413,81,60.000000,,83.880000,
13413,82,60.000000,,95.140000,
13413,83,60.000000,,107.590000,
13413,84,60.000000,,120.840000,
13413,85,60.000000,,134.710000,
13414,0,2.700000,,1.780000,
13414,1,2.690000,,1.780000,
13414,2,2.680000,,1.800000,
13414,3,2.660000,,1.900000,
13414,4,2.640000,,1.920000,
13414,5,2.610000,,2.020000,
13414,6,2.730000,,2.040000,
13414,7,2.860000,,2.160000,
13414,8,2.970000,,2.280000,
13414,9,3.100000,,2.300000,
13414,10,3.220000,,2.420000,
13414,11,3.410000,,2.540000,
13414,12,3.590000,,2.660000,
13414,13,3.780000,,2.780000,
13414,14,3.970000,,2.900000,
13414,15,4.150000,,3.020000,
13414,16,4.740000,,4.490000,
13414,17,4.920000,,4.630000,
13414,18,5.100000,,4.060000,
13414,19,5.280000,,4.180000,
13414,20,5.460000,,4.320000,
13414,21,5.650000,,4.540000,
13414,22,5.850000,,4.680000,
13414,23,6.060000,,4.800000,
13414,24,6.250000,,5.040000,
13414,25,6.450000,,5.280000,
13414,26,6.770000,,5.420000,
13414,27,7.090000,,5.660000,
13414,28,7.410000,,5.900000,
13414,29,7.730000,,6.170000,
13414,30,8.060000,,6.410000,
13414,31,8.530000,,6.770000,
13414,32,9.020000,,7.030000,
13414,33,9.490000,,7.390000,
13414,34,9.980000,,7.780000,
13414,35,10.450000,,8.140000,
13414,36,11.130000,,8.520000,
13414,37,11.810000,,8.900000,
13414,38,12.490000,,9.380000,
13414,39,13.170000,,9.890000,
13414,40,13.840000,,10.370000,
13414,41,14.660000,,10.870000,
13414,42,15.480000,,11.400000,
13414,43,16.300000,,12.000000,
13414,44,17.110000,,12.620000,
13414,45,17.930000,,13.250000,
13414,46,19.130000,,13.900000,
13414,47,20.320000,,14.640000,
13414,48,21.520000,,15.380000,
13414,49,22.720000,,16.130000,
13414,50,23.920000,,16.900000,
13414,51,25.480000,,17.780000,
13414,52,27.040000,,18.670000,
13414,53,28.610000,,19.580000,
13414,54,30.170000,,20.500000,
13414,55,31.730000,,21.500000,
13414,56,34.080000,,22.560000,
13414,57,36.440000,,23.620000,
13414,58,38.790000,,24.790000,
13414,59,41.150000,,25.940000,
13414,60,43.500000,,27.050000,
13414,61,46.430000,,28.420000,
13414,62,49.350000,,29.810000,
13414,63,52.270000,,31.390000,
13414,64,55.190000,,32.900000,
13414,65,58.120000,,34.610000,
13414,66,60.000000,,35.640000,
13414,67,60.000000,,36.770000,
13414,68,60.000000,,37.800000,
13414,69,60.000000,,38.930000,
13414,70,60.000000,,40.030000,
13414,71,60.000000,,41.140000,
13414,72,60.000000,,42.240000,
13414,73,60.000000,,43.320000,
13414,74,60.000000,,44.400000,
13414,75,60.000000,,45.360000,
13414,76,60.000000,,48.960000,
13414,77,60.000000,,53.330000,
13414,78,60.000000,,58.750000,
13414,79,60.000000,,65.330000,
13414,80,60.000000,,73.390000,
13414,81,60.000000,,83.640000,
13414,82,60.000000,,94.900000,
13414,83,60.000000,,107.350000,
13414,84,60.000000,,120.600000,
13414,85,60.000000,,134.470000,
13415,0,2.700000,,4.010000,
13415,1,2.690000,,3.980000,
13415,2,2.680000,,3.980000,
13415,3,2.660000,,3.890000,
13415,4,2.640000,,3.910000,
13415,5,2.610000,,3.910000,
13415,6,2.730000,,3.940000,
13415,7,2.860000,,4.060000,
13415,8,2.970000,,4.080000,
13415,9,3.100000,,4.200000,
13415,10,3.220000,,4.220000,
13415,11,3.410000,,4.340000,
13415,12,3.590000,,4.460000,
13415,13,3.780000,,4.580000,
13415,14,3.970000,,4.730000,
13415,15,4.150000,,4.850000,
13415,16,4.320000,,4.970000,
13415,17,4.470000,,5.090000,
13415,18,4.640000,,5.330000,
13415,19,4.800000,,5.450000,
13415,20,4.960000,,5.690000,
13415,21,5.150000,,5.810000,
13415,22,5.320000,,5.930000,
13415,23,5.510000,,6.070000,
13415,24,5.680000,,6.190000,
13415,25,5.870000,,6.410000,
13415,26,6.140000,,6.550000,
13415,27,6.400000,,6.670000,
13415,28,6.670000,,6.910000,
13415,29,6.930000,,7.060000,
13415,30,7.200000,,7.300000,
13415,31,7.580000,,7.540000,
13415,32,7.950000,,7.780000,
13415,33,8.330000,,8.040000,
13415,34,8.710000,,8.280000,
13415,35,9.090000,,8.540000,
13415,36,9.580000,,8.810000,
13415,37,10.070000,,9.170000,
13415,38,10.560000,,9.460000,
13415,39,11.050000,,9.820000,
13415,40,11.540000,,10.100000,
13415,41,12.220000,,10.580000,
13415,42,12.900000,,10.970000,
13415,43,13.580000,,11.350000,
13415,44,14.260000,,11.860000,
13415,45,14.940000,,12.240000,
13415,46,15.940000,,12.740000,
13415,47,16.940000,,13.250000,
13415,48,17.930000,,13.780000,
13415,49,18.940000,,14.280000,
13415,50,19.930000,,14.810000,
13415,51,21.230000,,15.430000,
13415,52,22.540000,,16.080000,
13415,53,23.830000,,16.630000,
13415,54,25.140000,,17.300000,
13415,55,26.440000,,17.980000,
13415,56,28.410000,,18.770000,
13415,57,30.370000,,19.560000,
13415,58,32.330000,,20.380000,
13415,59,34.290000,,21.220000,
13415,60,36.260000,,22.030000,
13415,61,38.950000,,23.040000,
13415,62,41.650000,,24.120000,
13415,63,44.340000,,25.340000,
13415,64,47.040000,,26.570000,
13415,65,49.730000,,27.910000,
13415,66,53.820000,,29.300000,
13415,67,57.200000,,30.700000,
13415,68,60.000000,,32.300000,
13415,69,60.000000,,33.910000,
13415,70,60.000000,,35.660000,
13415,71,60.000000,,37.150000,
13415,72,60.000000,,38.760000,
13415,73,60.000000,,40.390000,
13415,74,60.000000,,42.020000,
13415,75,60.000000,,43.780000,
13415,76,60.000000,,47.110000,
13415,77,60.000000,,50.980000,
13415,78,60.000000,,55.560000,
13415,79,60.000000,,61.010000,
13415,80,60.000000,,67.370000,
13415,81,60.000000,,75.460000,
13415,82,60.000000,,84.550000,
13415,83,60.000000,,95.210000,
13415,84,60.000000,,107.110000,
13415,85,60.000000,,119.380000,
13416,0,2.700000,,2.500000,
13416,1,2.690000,,2.500000,
13416,2,2.680000,,2.500000,
13416,3,2.660000,,2.620000,
13416,4,2.640000,,2.620000,
13416,5,2.610000,,2.740000,
13416,6,2.730000,,2.760000,
13416,7,2.860000,,2.880000,
13416,8,2.970000,,3.000000,
13416,9,3.100000,,3.020000,
13416,10,3.220000,,3.140000,
13416,11,3.410000,,3.260000,
13416,12,3.590000,,3.380000,
13416,13,3.780000,,3.410000,
13416,14,3.970000,,3.530000,
13416,15,4.150000,,3.650000,
13416,16,4.320000,,3.770000,
13416,17,4.470000,,3.890000,
13416,18,4.640000,,3.890000,
13416,19,4.800000,,4.010000,
13416,20,4.960000,,4.130000,
13416,21,5.150000,,4.250000,
13416,22,5.320000,,4.370000,
13416,23,5.510000,,4.490000,
13416,24,5.680000,,4.610000,
13416,25,5.870000,,4.730000,
13416,26,6.140000,,4.970000,
13416,27,6.400000,,5.090000,
13416,28,6.670000,,5.230000,
13416,29,6.930000,,5.450000,
13416,30,7.200000,,5.590000,
13416,31,7.580000,,5.830000,
13416,32,7.950000,,6.070000,
13416,33,8.330000,,6.340000,
13416,34,8.710000,,6.580000,
13416,35,9.090000,,6.840000,
13416,36,9.580000,,7.080000,
13416,37,10.070000,,7.340000,
13416,38,10.560000,,7.700000,
13416,39,11.050000,,7.970000,
13416,40,11.540000,,8.330000,
13416,41,12.220000,,8.710000,
13416,42,12.900000,,8.980000,
13416,43,13.580000,,9.360000,
13416,44,14.260000,,9.840000,
13416,45,14.940000,,10.220000,
13416,46,15.940000,,10.630000,
13416,47,16.940000,,11.140000,
13416,48,17.930000,,11.640000,
13416,49,18.940000,,12.050000,
13416,50,19.930000,,12.550000,
13416,51,21.230000,,13.180000,
13416,52,22.540000,,13.700000,
13416,53,23.830000,,14.330000,
13416,54,25.140000,,14.980000,
13416,55,26.440000,,15.530000,
13416,56,28.410000,,16.300000,
13416,57,30.370000,,17.060000,
13416,58,32.330000,,17.740000,
13416,59,34.290000,,18.530000,
13416,60,36.260000,,19.320000,
13416,61,38.950000,,20.350000,
13416,62,41.650000,,21.410000,
13416,63,44.340000,,22.580000,
13416,64,47.040000,,23.760000,
13416,65,49.730000,,25.150000,
13416,66,53.820000,,26.330000,
13416,67,57.200000,,27.620000,
13416,68,60.000000,,29.020000,
13416,69,60.000000,,30.410000,
13416,70,60.000000,,31.920000,
13416,71,60.000000,,33.020000,
13416,72,60.000000,,34.130000,
13416,73,60.000000,,35.230000,
13416,74,60.000000,,36.340000,
13416,75,60.000000,,37.510000,
13416,76,60.000000,,40.370000,
13416,77,60.000000,,43.970000,
13416,78,60.000000,,48.310000,
13416,79,60.000000,,53.660000,
13416,80,60.000000,,60.170000,
13416,81,60.000000,,68.040000,
13416,82,60.000000,,77.110000,
13416,83,60.000000,,87.460000,
13416,84,60.000000,,98.520000,
13416,85,60.000000,,110.020000,
13417,0,2.700000,,2.330000,
13417,1,2.690000,,2.260000,
13417,2,2.680000,,2.260000,
13417,3,2.660000,,2.350000,
13417,4,2.640000,,2.380000,
13417,5,2.610000,,2.400000,
13417,6,2.730000,,2.500000,
13417,7,2.860000,,2.620000,
13417,8,2.970000,,2.640000,
13417,9,3.100000,,2.760000,
13417,10,3.220000,,2.880000,
13417,11,3.410000,,2.900000,
13417,12,3.590000,,3.020000,
13417,13,3.780000,,3.140000,
13417,14,3.970000,,3.260000,
13417,15,4.150000,,3.380000,
13417,16,4.320000,,3.500000,
13417,17,4.470000,,3.620000,
13417,18,4.640000,,2.620000,
13417,19,4.800000,,2.740000,
13417,20,4.960000,,2.760000,
13417,21,5.150000,,2.860000,
13417,22,5.320000,,2.980000,
13417,23,5.510000,,3.100000,
13417,24,5.680000,,3.120000,
13417,25,5.870000,,3.240000,
13417,26,6.140000,,3.360000,
13417,27,6.400000,,3.480000,
13417,28,6.670000,,3.600000,
13417,29,6.930000,,3.720000,
13417,30,7.200000,,3.840000,
13417,31,7.580000,,4.080000,
13417,32,7.950000,,4.200000,
13417,33,8.330000,,4.440000,
13417,34,8.710000,,4.580000,
13417,35,9.090000,,4.700000,
13417,36,9.580000,,4.940000,
13417,37,10.070000,,5.180000,
13417,38,10.560000,,5.450000,
13417,39,11.050000,,5.690000,
13417,40,11.540000,,5.930000,
13417,41,12.220000,,6.190000,
13417,42,12.900000,,6.460000,
13417,43,13.580000,,6.790000,
13417,44,14.260000,,7.060000,
13417,45,14.940000,,7.440000,
13417,46,15.940000,,7.700000,
13417,47,16.940000,,8.090000,
13417,48,17.930000,,8.470000,
13417,49,18.940000,,8.950000,
13417,50,19.930000,,9.340000,
13417,51,21.230000,,9.720000,
13417,52,22.540000,,10.220000,
13417,53,23.830000,,10.730000,
13417,54,25.140000,,11.230000,
13417,55,26.440000,,11.740000,
13417,56,28.410000,,12.260000,
13417,57,30.370000,,12.910000,
13417,58,32.330000,,13.440000,
13417,59,34.290000,,14.090000,
13417,60,36.260000,,14.620000,
13417,61,38.950000,,15.410000,
13417,62,41.650000,,16.300000,
13417,63,44.340000,,17.210000,
13417,64,47.040000,,18.240000,
13417,65,49.730000,,19.270000,
13417,66,53.820000,,20.210000,
13417,67,57.200000,,21.260000,
13417,68,60.000000,,22.420000,
13417,69,60.000000,,23.570000,
13417,70,60.000000,,24.720000,
13417,71,60.000000,,25.580000,
13417,72,60.000000,,26.450000,
13417,73,60.000000,,27.310000,
13417,74,60.000000,,28.270000,
13417,75,60.000000,,29.400000,
13417,76,60.000000,,32.020000,
13417,77,60.000000,,35.160000,
13417,78,60.000000,,39.190000,
13417,79,60.000000,,44.110000,
13417,80,60.000000,,50.210000,
13417,81,60.000000,,57.960000,
13417,82,60.000000,,66.700000,
13417,83,60.000000,,76.870000,
13417,84,60.000000,,87.960000,
13417,85,60.000000,,99.840000,
13418,0,2.700000,,1.900000,
13418,1,2.690000,,1.900000,
13418,2,2.680000,,2.020000,
13418,3,2.660000,,2.020000,
13418,4,2.640000,,2.140000,
13418,5,2.610000,,2.160000,
13418,6,2.730000,,2.260000,
13418,7,2.860000,,2.280000,
13418,8,2.970000,,2.400000,
13418,9,3.100000,,2.520000,
13418,10,3.220000,,2.540000,
13418,11,3.410000,,2.660000,
13418,12,3.590000,,2.780000,
13418,13,3.780000,,2.930000,
13418,14,3.970000,,3.050000,
13418,15,4.150000,,3.170000,
13418,16,4.320000,,3.290000,
13418,17,4.470000,,3.410000,
13418,18,4.640000,,2.400000,
13418,19,4.800000,,2.500000,
13418,20,4.960000,,2.520000,
13418,21,5.150000,,2.640000,
13418,22,5.320000,,2.740000,
13418,23,5.510000,,2.860000,
13418,24,5.680000,,2.980000,
13418,25,5.870000,,3.100000,
13418,26,6.140000,,3.220000,
13418,27,6.400000,,3.340000,
13418,28,6.670000,,3.460000,
13418,29,6.930000,,3.580000,
13418,30,7.200000,,3.720000,
13418,31,7.580000,,3.840000,
13418,32,7.950000,,3.980000,
13418,33,8.330000,,4.200000,
13418,34,8.710000,,4.340000,
13418,35,9.090000,,4.580000,
13418,36,9.580000,,4.820000,
13418,37,10.070000,,4.970000,
13418,38,10.560000,,5.210000,
13418,39,11.050000,,5.450000,
13418,40,11.540000,,5.710000,
13418,41,12.220000,,5.950000,
13418,42,12.900000,,6.220000,
13418,43,13.580000,,6.580000,
13418,44,14.260000,,6.840000,
13418,45,14.940000,,7.200000,
13418,46,15.940000,,7.580000,
13418,47,16.940000,,7.940000,
13418,48,17.930000,,8.330000,
13418,49,18.940000,,8.710000,
13418,50,19.930000,,9.100000,
13418,51,21.230000,,9.600000,
13418,52,22.540000,,10.080000,
13418,53,23.830000,,10.490000,
13418,54,25.140000,,10.990000,
13418,55,26.440000,,11.520000,
13418,56,28.410000,,12.140000,
13418,57,30.370000,,12.670000,
13418,58,32.330000,,13.300000,
13418,59,34.290000,,13.850000,
13418,60,36.260000,,14.500000,
13418,61,38.950000,,15.260000,
13418,62,41.650000,,16.080000,
13418,63,44.340000,,16.990000,
13418,64,47.040000,,18.000000,
13418,65,49.730000,,19.030000,
13418,66,53.820000,,20.090000,
13418,67,57.200000,,21.020000,
13418,68,60.000000,,22.180000,
13418,69,60.000000,,23.330000,
13418,70,60.000000,,24.480000,
13418,71,60.000000,,25.340000,
13418,72,60.000000,,26.210000,
13418,73,60.000000,,27.070000,
13418,74,60.000000,,28.030000,
13418,75,60.000000,,29.210000,
13418,76,60.000000,,31.820000,
13418,77,60.000000,,34.870000,
13418,78,60.000000,,39.000000,
13418,79,60.000000,,43.820000,
13418,80,60.000000,,50.020000,
13418,81,60.000000,,57.770000,
13418,82,60.000000,,66.460000,
13418,83,60.000000,,76.610000,
13418,84,60.000000,,87.700000,
13418,85,60.000000,,99.500000,
13419,0,2.700000,,1.780000,
13419,1,2.690000,,1.780000,
13419,2,2.680000,,1.800000,
13419,3,2.660000,,1.900000,
13419,4,2.640000,,1.920000,
13419,5,2.610000,,2.020000,
13419,6,2.730000,,2.040000,
13419,7,2.860000,,2.160000,
13419,8,2.970000,,2.280000,
13419,9,3.100000,,2.300000,
13419,10,3.220000,,2.420000,
13419,11,3.410000,,2.540000,
13419,12,3.590000,,2.660000,
13419,13,3.780000,,2.780000,
13419,14,3.970000,,2.900000,
13419,15,4.150000,,3.020000,
13419,16,4.320000,,3.140000,
13419,17,4.470000,,3.190000,
13419,18,4.640000,,2.260000,
13419,19,4.800000,,2.380000,
13419,20,4.960000,,2.400000,
13419,21,5.150000,,2.500000,
13419,22,5.320000,,2.620000,
13419,23,5.510000,,2.740000,
13419,24,5.680000,,2.760000,
13419,25,5.870000,,2.880000,
13419,26,6.140000,,3.000000,
13419,27,6.400000,,3.120000,
13419,28,6.670000,,3.240000,
13419,29,6.930000,,3.360000,
13419,30,7.200000,,3.600000,
13419,31,7.580000,,3.720000,
13419,32,7.950000,,3.860000,
13419,33,8.330000,,4.080000,
13419,34,8.710000,,4.220000,
13419,35,9.090000,,4.460000,
13419,36,9.580000,,4.610000,
13419,37,10.070000,,4.850000,
13419,38,10.560000,,5.090000,
13419,39,11.050000,,5.330000,
13419,40,11.540000,,5.570000,
13419,41,12.220000,,5.830000,
13419,42,12.900000,,6.100000,
13419,43,13.580000,,6.460000,
13419,44,14.260000,,6.720000,
13419,45,14.940000,,7.080000,
13419,46,15.940000,,7.440000,
13419,47,16.940000,,7.820000,
13419,48,17.930000,,8.210000,
13419,49,18.940000,,8.590000,
13419,50,19.930000,,8.980000,
13419,51,21.230000,,9.460000,
13419,52,22.540000,,9.860000,
13419,53,23.830000,,10.370000,
13419,54,25.140000,,10.870000,
13419,55,26.440000,,11.380000,
13419,56,28.410000,,11.900000,
13419,57,30.370000,,12.550000,
13419,58,32.330000,,13.080000,
13419,59,34.290000,,13.730000,
13419,60,36.260000,,14.260000,
13419,61,38.950000,,15.050000,
13419,62,41.650000,,15.940000,
13419,63,44.340000,,16.850000,
13419,64,47.040000,,17.880000,
13419,65,49.730000,,18.910000,
13419,66,53.820000,,19.850000,
13419,67,57.200000,,20.900000,
13419,68,60.000000,,21.940000,
13419,69,60.000000,,23.110000,
13419,70,60.000000,,24.360000,
13419,71,60.000000,,25.130000,
13419,72,60.000000,,25.990000,
13419,73,60.000000,,26.950000,
13419,74,60.000000,,27.820000,
13419,75,60.000000,,29.020000,
13419,76,60.000000,,31.630000,
13419,77,60.000000,,34.780000,
13419,78,60.000000,,38.900000,
13419,79,60.000000,,43.730000,
13419,80,60.000000,,49.920000,
13419,81,60.000000,,57.670000,
13419,82,60.000000,,66.220000,
13419,83,60.000000,,76.390000,
13419,84,60.000000,,87.480000,
13419,85,60.000000,,99.360000,
13420,0,2.700000,0.140000,4.010000,0.600000
13420,1,2.690000,0.130000,3.980000,0.600000
13420,2,2.680000,0.130000,3.980000,0.600000
13420,3,2.660000,0.130000,3.890000,0.580000
13420,4,2.640000,0.130000,3.910000,0.590000
13420,5,2.610000,0.130000,3.910000,0.590000
13420,6,2.730000,0.140000,3.940000,0.590000
13420,7,2.860000,0.140000,4.060000,0.610000
13420,8,2.970000,0.150000,4.080000,0.610000
13420,9,3.100000,0.160000,4.200000,0.630000
13420,10,3.220000,0.160000,4.220000,0.630000
13420,11,3.410000,0.170000,4.340000,0.650000
13420,12,3.590000,0.180000,4.460000,0.670000
13420,13,3.780000,0.190000,4.580000,0.690000
13420,14,3.970000,0.200000,4.730000,0.710000
13420,15,4.150000,0.210000,4.850000,0.730000
13420,16,4.740000,0.240000,6.290000,0.940000
13420,17,4.920000,0.250000,6.500000,0.980000
13420,18,5.100000,0.260000,7.130000,1.070000
13420,19,5.280000,0.260000,7.270000,1.090000
13420,20,5.460000,0.270000,7.510000,1.130000
13420,21,5.650000,0.280000,7.750000,1.160000
13420,22,5.850000,0.290000,7.990000,1.200000
13420,23,6.060000,0.300000,8.230000,1.230000
13420,24,6.250000,0.310000,8.470000,1.270000
13420,25,6.450000,0.320000,8.710000,1.310000
13420,26,6.770000,0.340000,8.980000,1.350000
13420,27,7.090000,0.350000,9.310000,1.400000
13420,28,7.410000,0.370000,9.580000,1.440000
13420,29,7.730000,0.390000,9.940000,1.490000
13420,30,8.060000,0.400000,10.200000,1.530000
13420,31,8.530000,0.430000,10.580000,1.590000
13420,32,9.020000,0.450000,10.970000,1.650000
13420,33,9.490000,0.470000,11.450000,1.720000
13420,34,9.980000,0.500000,11.860000,1.780000
13420,35,10.450000,0.520000,12.340000,1.850000
13420,36,11.130000,0.560000,12.840000,1.930000
13420,37,11.810000,0.590000,13.370000,2.010000
13420,38,12.490000,0.620000,13.870000,2.080000
13420,39,13.170000,0.660000,14.500000,2.180000
13420,40,13.840000,0.690000,15.120000,2.270000
13420,41,14.660000,0.730000,15.770000,2.370000
13420,42,15.480000,0.770000,16.510000,2.480000
13420,43,16.300000,0.820000,17.160000,2.570000
13420,44,17.110000,0.860000,18.000000,2.700000
13420,45,17.930000,0.900000,18.770000,2.820000
13420,46,19.130000,0.960000,19.630000,2.940000
13420,47,20.320000,1.020000,20.420000,3.060000
13420,48,21.520000,1.080000,21.310000,3.200000
13420,49,22.720000,1.140000,22.300000,3.350000
13420,50,23.920000,1.200000,23.210000,3.480000
13420,51,25.480000,1.270000,24.240000,3.640000
13420,52,27.040000,1.350000,25.270000,3.790000
13420,53,28.610000,1.430000,26.330000,3.950000
13420,54,30.170000,1.510000,27.500000,4.130000
13420,55,31.730000,1.590000,28.680000,4.300000
13420,56,34.080000,1.700000,29.900000,4.490000
13420,57,36.440000,1.820000,31.250000,4.690000
13420,58,38.790000,1.940000,32.620000,4.890000
13420,59,41.150000,2.060000,33.890000,5.080000
13420,60,43.500000,2.180000,35.280000,5.290000
13420,61,46.430000,2.320000,36.790000,5.520000
13420,62,49.350000,2.470000,38.500000,5.780000
13420,63,52.270000,2.610000,40.220000,6.030000
13420,64,55.190000,2.760000,42.070000,6.310000
13420,65,58.120000,2.910000,44.020000,6.600000
13420,66,60.000000,3.000000,45.580000,6.840000
13420,67,60.000000,3.000000,47.260000,7.090000
13420,68,60.000000,3.000000,48.960000,7.340000
13420,69,60.000000,3.000000,50.690000,7.600000
13420,70,60.000000,3.000000,52.490000,7.870000
13420,71,60.000000,3.000000,54.500000,8.180000
13420,72,60.000000,3.000000,56.420000,8.460000
13420,73,60.000000,3.000000,58.560000,8.780000
13420,74,60.000000,3.000000,60.580000,9.090000
13420,75,60.000000,3.000000,62.620000,9.390000
13420,76,60.000000,3.000000,66.620000,9.990000
13420,77,60.000000,3.000000,71.350000,10.700000
13420,78,60.000000,3.000000,76.900000,11.540000
13420,79,60.000000,3.000000,83.470000,12.520000
13420,80,60.000000,3.000000,91.220000,13.680000
13420,81,60.000000,3.000000,101.400000,15.210000
13420,82,60.000000,3.000000,112.700000,16.910000
13420,83,60.000000,3.000000,125.620000,18.840000
13420,84,60.000000,3.000000,140.160000,21.020000
13420,85,60.000000,3.000000,155.040000,23.260000
13421,0,2.700000,0.140000,2.500000,0.380000
13421,1,2.690000,0.130000,2.500000,0.380000
13421,2,2.680000,0.130000,2.500000,0.380000
13421,3,2.660000,0.130000,2.620000,0.390000
13421,4,2.640000,0.130000,2.620000,0.390000
13421,5,2.610000,0.130000,2.740000,0.410000
13421,6,2.730000,0.140000,2.760000,0.410000
13421,7,2.860000,0.140000,2.880000,0.430000
13421,8,2.970000,0.150000,3.000000,0.450000
13421,9,3.100000,0.160000,3.020000,0.450000
13421,10,3.220000,0.160000,3.140000,0.470000
13421,11,3.410000,0.170000,3.260000,0.490000
13421,12,3.590000,0.180000,3.380000,0.510000
13421,13,3.780000,0.190000,3.410000,0.510000
13421,14,3.970000,0.200000,3.530000,0.530000
13421,15,4.150000,0.210000,3.650000,0.550000
13421,16,4.740000,0.240000,5.210000,0.780000
13421,17,4.920000,0.250000,5.330000,0.800000
13421,18,5.100000,0.260000,5.660000,0.850000
13421,19,5.280000,0.260000,5.900000,0.890000
13421,20,5.460000,0.270000,6.020000,0.900000
13421,21,5.650000,0.280000,6.260000,0.940000
13421,22,5.850000,0.290000,6.410000,0.960000
13421,23,6.060000,0.300000,6.650000,1.000000
13421,24,6.250000,0.310000,6.890000,1.030000
13421,25,6.450000,0.320000,7.130000,1.070000
13421,26,6.770000,0.340000,7.370000,1.110000
13421,27,7.090000,0.350000,7.630000,1.140000
13421,28,7.410000,0.370000,7.970000,1.200000
13421,29,7.730000,0.390000,8.230000,1.230000
13421,30,8.060000,0.400000,8.590000,1.290000
13421,31,8.530000,0.430000,8.980000,1.350000
13421,32,9.020000,0.450000,9.340000,1.400000
13421,33,9.490000,0.470000,9.820000,1.470000
13421,34,9.980000,0.500000,10.200000,1.530000
13421,35,10.450000,0.520000,10.700000,1.610000
13421,36,11.130000,0.560000,11.180000,1.680000
13421,37,11.810000,0.590000,11.690000,1.750000
13421,38,12.490000,0.620000,12.190000,1.830000
13421,39,13.170000,0.660000,12.790000,1.920000
13421,40,13.840000,0.690000,13.320000,2.000000
13421,41,14.660000,0.730000,13.940000,2.090000
13421,42,15.480000,0.770000,14.570000,2.190000
13421,43,16.300000,0.820000,15.310000,2.300000
13421,44,17.110000,0.860000,16.030000,2.400000
13421,45,17.930000,0.900000,16.800000,2.520000
13421,46,19.130000,0.960000,17.570000,2.640000
13421,47,20.320000,1.020000,18.430000,2.760000
13421,48,21.520000,1.080000,19.300000,2.900000
13421,49,22.720000,1.140000,20.180000,3.030000
13421,50,23.920000,1.200000,21.100000,3.170000
13421,51,25.480000,1.270000,22.100000,3.320000
13421,52,27.040000,1.350000,23.260000,3.490000
13421,53,28.610000,1.430000,24.290000,3.640000
13421,54,30.170000,1.510000,25.440000,3.820000
13421,55,31.730000,1.590000,26.710000,4.010000
13421,56,34.080000,1.700000,28.010000,4.200000
13421,57,36.440000,1.820000,29.420000,4.410000
13421,58,38.790000,1.940000,30.840000,4.630000
13421,59,41.150000,2.060000,32.260000,4.840000
13421,60,43.500000,2.180000,33.700000,5.060000
13421,61,46.430000,2.320000,35.330000,5.300000
13421,62,49.350000,2.470000,37.060000,5.560000
13421,63,52.270000,2.610000,38.930000,5.840000
13421,64,55.190000,2.760000,40.800000,6.120000
13421,65,58.120000,2.910000,42.770000,6.420000
13421,66,60.000000,3.000000,44.090000,6.610000
13421,67,60.000000,3.000000,45.500000,6.830000
13421,68,60.000000,3.000000,46.940000,7.040000
13421,69,60.000000,3.000000,48.380000,7.260000
13421,70,60.000000,3.000000,49.800000,7.470000
13421,71,60.000000,3.000000,51.340000,7.700000
13421,72,60.000000,3.000000,52.850000,7.930000
13421,73,60.000000,3.000000,54.360000,8.150000
13421,74,60.000000,3.000000,55.870000,8.380000
13421,75,60.000000,3.000000,57.260000,8.590000
13421,76,60.000000,3.000000,61.130000,9.170000
13421,77,60.000000,3.000000,65.860000,9.880000
13421,78,60.000000,3.000000,71.540000,10.730000
13421,79,60.000000,3.000000,78.340000,11.750000
13421,80,60.000000,3.000000,86.380000,12.960000
13421,81,60.000000,3.000000,96.380000,14.460000
13421,82,60.000000,3.000000,107.640000,16.150000
13421,83,60.000000,3.000000,120.340000,18.050000
13421,84,60.000000,3.000000,133.610000,20.040000
13421,85,60.000000,3.000000,147.050000,22.060000
13422,0,2.700000,0.140000,2.330000,0.350000
13422,1,2.690000,0.130000,2.260000,0.340000
13422,2,2.680000,0.130000,2.260000,0.340000
13422,3,2.660000,0.130000,2.350000,0.350000
13422,4,2.640000,0.130000,2.380000,0.360000
13422,5,2.610000,0.130000,2.400000,0.360000
13422,6,2.730000,0.140000,2.500000,0.380000
13422,7,2.860000,0.140000,2.620000,0.390000
13422,8,2.970000,0.150000,2.640000,0.400000
13422,9,3.100000,0.160000,2.760000,0.410000
13422,10,3.220000,0.160000,2.880000,0.430000
13422,11,3.410000,0.170000,2.900000,0.440000
13422,12,3.590000,0.180000,3.020000,0.450000
13422,13,3.780000,0.190000,3.140000,0.470000
13422,14,3.970000,0.200000,3.260000,0.490000
13422,15,4.150000,0.210000,3.380000,0.510000
13422,16,4.740000,0.240000,4.850000,0.730000
13422,17,4.920000,0.250000,5.090000,0.760000
13422,18,5.100000,0.260000,4.850000,0.730000
13422,19,5.280000,0.260000,4.990000,0.750000
13422,20,5.460000,0.270000,5.230000,0.780000
13422,21,5.650000,0.280000,5.350000,0.800000
13422,22,5.850000,0.290000,5.590000,0.840000
13422,23,6.060000,0.300000,5.710000,0.860000
13422,24,6.250000,0.310000,5.950000,0.890000
13422,25,6.450000,0.320000,6.190000,0.930000
13422,26,6.770000,0.340000,6.430000,0.960000
13422,27,7.090000,0.350000,6.670000,1.000000
13422,28,7.410000,0.370000,6.940000,1.040000
13422,29,7.730000,0.390000,7.270000,1.090000
13422,30,8.060000,0.400000,7.540000,1.130000
13422,31,8.530000,0.430000,7.900000,1.190000
13422,32,9.020000,0.450000,8.260000,1.240000
13422,33,9.490000,0.470000,8.640000,1.300000
13422,34,9.980000,0.500000,9.000000,1.350000
13422,35,10.450000,0.520000,9.380000,1.410000
13422,36,11.130000,0.560000,9.860000,1.480000
13422,37,11.810000,0.590000,10.340000,1.550000
13422,38,12.490000,0.620000,10.850000,1.630000
13422,39,13.170000,0.660000,11.330000,1.700000
13422,40,13.840000,0.690000,11.830000,1.770000
13422,41,14.660000,0.730000,12.460000,1.870000
13422,42,15.480000,0.770000,12.960000,1.940000
13422,43,16.300000,0.820000,13.580000,2.040000
13422,44,17.110000,0.860000,14.300000,2.150000
13422,45,17.930000,0.900000,14.930000,2.240000
13422,46,19.130000,0.960000,15.670000,2.350000
13422,47,20.320000,1.020000,16.420000,2.460000
13422,48,21.520000,1.080000,17.180000,2.580000
13422,49,22.720000,1.140000,17.950000,2.690000
13422,50,23.920000,1.200000,18.720000,2.810000
13422,51,25.480000,1.270000,19.610000,2.940000
13422,52,27.040000,1.350000,20.520000,3.080000
13422,53,28.610000,1.430000,21.500000,3.230000
13422,54,30.170000,1.510000,22.440000,3.370000
13422,55,31.730000,1.590000,23.350000,3.500000
13422,56,34.080000,1.700000,24.500000,3.680000
13422,57,36.440000,1.820000,25.680000,3.850000
13422,58,38.790000,1.940000,26.760000,4.010000
13422,59,41.150000,2.060000,27.940000,4.190000
13422,60,43.500000,2.180000,29.020000,4.350000
13422,61,46.430000,2.320000,30.410000,4.560000
13422,62,49.350000,2.470000,31.900000,4.790000
13422,63,52.270000,2.610000,33.380000,5.010000
13422,64,55.190000,2.760000,34.990000,5.250000
13422,65,58.120000,2.910000,36.720000,5.510000
13422,66,60.000000,3.000000,37.750000,5.660000
13422,67,60.000000,3.000000,38.880000,5.830000
13422,68,60.000000,3.000000,39.910000,5.990000
13422,69,60.000000,3.000000,41.040000,6.160000
13422,70,60.000000,3.000000,42.170000,6.330000
13422,71,60.000000,3.000000,43.370000,6.510000
13422,72,60.000000,3.000000,44.470000,6.670000
13422,73,60.000000,3.000000,45.580000,6.840000
13422,74,60.000000,3.000000,46.680000,7.000000
13422,75,60.000000,3.000000,47.660000,7.150000
13422,76,60.000000,3.000000,51.260000,7.690000
13422,77,60.000000,3.000000,55.610000,8.340000
13422,78,60.000000,3.000000,61.010000,9.150000
13422,79,60.000000,3.000000,67.580000,10.140000
13422,80,60.000000,3.000000,75.500000,11.330000
13422,81,60.000000,3.000000,85.660000,12.850000
13422,82,60.000000,3.000000,96.910000,14.540000
13422,83,60.000000,3.000000,109.370000,16.410000
13422,84,60.000000,3.000000,122.620000,18.390000
13422,85,60.000000,3.000000,136.390000,20.460000
13423,0,2.700000,0.140000,1.900000,0.290000
13423,1,2.690000,0.130000,1.900000,0.290000
13423,2,2.680000,0.130000,2.020000,0.300000
13423,3,2.660000,0.130000,2.020000,0.300000
13423,4,2.640000,0.130000,2.140000,0.320000
13423,5,2.610000,0.130000,2.160000,0.320000
13423,6,2.730000,0.140000,2.260000,0.340000
13423,7,2.860000,0.140000,2.280000,0.340000
13423,8,2.970000,0.150000,2.400000,0.360000
13423,9,3.100000,0.160000,2.520000,0.380000
13423,10,3.220000,0.160000,2.540000,0.380000
13423,11,3.410000,0.170000,2.660000,0.400000
13423,12,3.590000,0.180000,2.780000,0.420000
13423,13,3.780000,0.190000,2.930000,0.440000
13423,14,3.970000,0.200000,3.050000,0.460000
13423,15,4.150000,0.210000,3.170000,0.480000
13423,16,4.740000,0.240000,4.610000,0.690000
13423,17,4.920000,0.250000,4.850000,0.730000
13423,18,5.100000,0.260000,4.630000,0.690000
13423,19,5.280000,0.260000,4.850000,0.730000
13423,20,5.460000,0.270000,4.990000,0.750000
13423,21,5.650000,0.280000,5.110000,0.770000
13423,22,5.850000,0.290000,5.350000,0.800000
13423,23,6.060000,0.300000,5.590000,0.840000
13423,24,6.250000,0.310000,5.710000,0.860000
13423,25,6.450000,0.320000,5.950000,0.890000
13423,26,6.770000,0.340000,6.190000,0.930000
13423,27,7.090000,0.350000,6.460000,0.970000
13423,28,7.410000,0.370000,6.790000,1.020000
13423,29,7.730000,0.390000,7.060000,1.060000
13423,30,8.060000,0.400000,7.300000,1.100000
13423,31,8.530000,0.430000,7.660000,1.150000
13423,32,9.020000,0.450000,8.040000,1.210000
13423,33,9.490000,0.470000,8.400000,1.260000
13423,34,9.980000,0.500000,8.760000,1.310000
13423,35,10.450000,0.520000,9.240000,1.390000
13423,36,11.130000,0.560000,9.620000,1.440000
13423,37,11.810000,0.590000,10.130000,1.520000
13423,38,12.490000,0.620000,10.610000,1.590000
13423,39,13.170000,0.660000,11.110000,1.670000
13423,40,13.840000,0.690000,11.620000,1.740000
13423,41,14.660000,0.730000,12.220000,1.830000
13423,42,15.480000,0.770000,12.820000,1.920000
13423,43,16.300000,0.820000,13.440000,2.020000
13423,44,17.110000,0.860000,14.060000,2.110000
13423,45,17.930000,0.900000,14.710000,2.210000
13423,46,19.130000,0.960000,15.460000,2.320000
13423,47,20.320000,1.020000,16.200000,2.430000
13423,48,21.520000,1.080000,16.940000,2.540000
13423,49,22.720000,1.140000,17.710000,2.660000
13423,50,23.920000,1.200000,18.580000,2.790000
13423,51,25.480000,1.270000,19.460000,2.920000
13423,52,27.040000,1.350000,20.380000,3.060000
13423,53,28.610000,1.430000,21.290000,3.190000
13423,54,30.170000,1.510000,22.200000,3.330000
13423,55,31.730000,1.590000,23.210000,3.480000
13423,56,34.080000,1.700000,24.290000,3.640000
13423,57,36.440000,1.820000,25.440000,3.820000
13423,58,38.790000,1.940000,26.520000,3.980000
13423,59,41.150000,2.060000,27.700000,4.160000
13423,60,43.500000,2.180000,28.900000,4.340000
13423,61,46.430000,2.320000,30.170000,4.530000
13423,62,49.350000,2.470000,31.660000,4.750000
13423,63,52.270000,2.610000,33.170000,4.980000
13423,64,55.190000,2.760000,34.780000,5.220000
13423,65,58.120000,2.910000,36.480000,5.470000
13423,66,60.000000,3.000000,37.510000,5.630000
13423,67,60.000000,3.000000,38.640000,5.800000
13423,68,60.000000,3.000000,39.670000,5.950000
13423,69,60.000000,3.000000,40.800000,6.120000
13423,70,60.000000,3.000000,41.930000,6.290000
13423,71,60.000000,3.000000,43.130000,6.470000
13423,72,60.000000,3.000000,44.230000,6.630000
13423,73,60.000000,3.000000,45.340000,6.800000
13423,74,60.000000,3.000000,46.440000,6.970000
13423,75,60.000000,3.000000,47.420000,7.110000
13423,76,60.000000,3.000000,50.900000,7.640000
13423,77,60.000000,3.000000,55.340000,8.300000
13423,78,60.000000,3.000000,60.670000,9.100000
13423,79,60.000000,3.000000,67.220000,10.080000
13423,80,60.000000,3.000000,75.170000,11.280000
13423,81,60.000000,3.000000,85.390000,12.810000
13423,82,60.000000,3.000000,96.550000,14.480000
13423,83,60.000000,3.000000,109.030000,16.350000
13423,84,60.000000,3.000000,122.260000,18.340000
13423,85,60.000000,3.000000,136.030000,20.400000
13424,0,2.700000,0.140000,1.780000,0.270000
13424,1,2.690000,0.130000,1.780000,0.270000
13424,2,2.680000,0.130000,1.800000,0.270000
13424,3,2.660000,0.130000,1.900000,0.290000
13424,4,2.640000,0.130000,1.920000,0.290000
13424,5,2.610000,0.130000,2.020000,0.300000
13424,6,2.730000,0.140000,2.040000,0.310000
13424,7,2.860000,0.140000,2.160000,0.320000
13424,8,2.970000,0.150000,2.280000,0.340000
13424,9,3.100000,0.160000,2.300000,0.350000
13424,10,3.220000,0.160000,2.420000,0.360000
13424,11,3.410000,0.170000,2.540000,0.380000
13424,12,3.590000,0.180000,2.660000,0.400000
13424,13,3.780000,0.190000,2.780000,0.420000
13424,14,3.970000,0.200000,2.900000,0.440000
13424,15,4.150000,0.210000,3.020000,0.450000
13424,16,4.740000,0.240000,4.490000,0.670000
13424,17,4.920000,0.250000,4.630000,0.690000
13424,18,5.100000,0.260000,4.490000,0.670000
13424,19,5.280000,0.260000,4.630000,0.690000
13424,20,5.460000,0.270000,4.870000,0.730000
13424,21,5.650000,0.280000,4.990000,0.750000
13424,22,5.850000,0.290000,5.230000,0.780000
13424,23,6.060000,0.300000,5.350000,0.800000
13424,24,6.250000,0.310000,5.590000,0.840000
13424,25,6.450000,0.320000,5.830000,0.870000
13424,26,6.770000,0.340000,6.070000,0.910000
13424,27,7.090000,0.350000,6.310000,0.950000
13424,28,7.410000,0.370000,6.580000,0.990000
13424,29,7.730000,0.390000,6.910000,1.040000
13424,30,8.060000,0.400000,7.180000,1.080000
13424,31,8.530000,0.430000,7.540000,1.130000
13424,32,9.020000,0.450000,7.900000,1.190000
13424,33,9.490000,0.470000,8.280000,1.240000
13424,34,9.980000,0.500000,8.640000,1.300000
13424,35,10.450000,0.520000,9.020000,1.350000
13424,36,11.130000,0.560000,9.500000,1.430000
13424,37,11.810000,0.590000,9.980000,1.500000
13424,38,12.490000,0.620000,10.490000,1.570000
13424,39,13.170000,0.660000,10.970000,1.650000
13424,40,13.840000,0.690000,11.470000,1.720000
13424,41,14.660000,0.730000,12.100000,1.820000
13424,42,15.480000,0.770000,12.600000,1.890000
13424,43,16.300000,0.820000,13.220000,1.980000
13424,44,17.110000,0.860000,13.940000,2.090000
13424,45,17.930000,0.900000,14.570000,2.190000
13424,46,19.130000,0.960000,15.310000,2.300000
13424,47,20.320000,1.020000,16.080000,2.410000
13424,48,21.520000,1.080000,16.820000,2.520000
13424,49,22.720000,1.140000,17.590000,2.640000
13424,50,23.920000,1.200000,18.360000,2.750000
13424,51,25.480000,1.270000,19.250000,2.890000
13424,52,27.040000,1.350000,20.160000,3.020000
13424,53,28.610000,1.430000,21.140000,3.170000
13424,54,30.170000,1.510000,22.080000,3.310000
13424,55,31.730000,1.590000,22.990000,3.450000
13424,56,34.080000,1.700000,24.140000,3.620000
13424,57,36.440000,1.820000,25.220000,3.780000
13424,58,38.790000,1.940000,26.400000,3.960000
13424,59,41.150000,2.060000,27.580000,4.140000
13424,60,43.500000,2.180000,28.660000,4.300000
13424,61,46.430000,2.320000,30.050000,4.510000
13424,62,49.350000,2.470000,31.540000,4.730000
13424,63,52.270000,2.610000,33.020000,4.950000
13424,64,55.190000,2.760000,34.630000,5.190000
13424,65,58.120000,2.910000,36.260000,5.440000
13424,66,60.000000,3.000000,37.390000,5.610000
13424,67,60.000000,3.000000,38.420000,5.760000
13424,68,60.000000,3.000000,39.550000,5.930000
13424,69,60.000000,3.000000,40.660000,6.100000
13424,70,60.000000,3.000000,41.690000,6.250000
13424,71,60.000000,3.000000,42.890000,6.430000
13424,72,60.000000,3.000000,43.990000,6.600000
13424,73,60.000000,3.000000,45.100000,6.770000
13424,74,60.000000,3.000000,46.180000,6.930000
13424,75,60.000000,3.000000,47.160000,7.070000
13424,76,60.000000,3.000000,50.760000,7.610000
13424,77,60.000000,3.000000,55.100000,8.270000
13424,78,60.000000,3.000000,60.430000,9.060000
13424,79,60.000000,3.000000,67.080000,10.060000
13424,80,60.000000,3.000000,75.020000,11.250000
13424,81,60.000000,3.000000,85.180000,12.780000
13424,82,60.000000,3.000000,96.340000,14.450000
13424,83,60.000000,3.000000,108.790000,16.320000
13424,84,60.000000,3.000000,122.040000,18.310000
13424,85,60.000000,3.000000,135.790000,20.370000
13425,0,2.700000,,4.010000,
13425,1,2.690000,,3.980000,
13425,2,2.680000,,3.980000,
13425,3,2.660000,,3.890000,
13425,4,2.640000,,3.910000,
13425,5,2.610000,,3.910000,
13425,6,2.730000,,3.940000,
13425,7,2.860000,,4.060000,
13425,8,2.970000,,4.080000,
13425,9,3.100000,,4.200000,
13425,10,3.220000,,4.220000,
13425,11,3.410000,,4.340000,
13425,12,3.590000,,4.460000,
13425,13,3.780000,,4.580000,
13425,14,3.970000,,4.730000,
13425,15,4.150000,,4.850000,
13425,16,4.320000,,4.970000,
13425,17,4.470000,,5.090000,
13425,18,4.640000,,5.330000,
13425,19,4.800000,,5.450000,
13425,20,4.960000,,5.690000,
13425,21,5.150000,,5.810000,
13425,22,5.320000,,5.930000,
13425,23,5.510000,,6.070000,
13425,24,5.680000,,6.190000,
13425,25,5.870000,,6.410000,
13425,26,6.140000,,6.550000,
13425,27,6.400000,,6.670000,
13425,28,6.670000,,6.910000,
13425,29,6.930000,,7.060000,
13425,30,7.200000,,7.300000,
13425,31,7.580000,,7.540000,
13425,32,7.950000,,7.780000,
13425,33,8.330000,,8.040000,
13425,34,8.710000,,8.280000,
13425,35,9.090000,,8.540000,
13425,36,9.580000,,8.810000,
13425,37,10.070000,,9.170000,
13425,38,10.560000,,9.460000,
13425,39,11.050000,,9.820000,
13425,40,11.540000,,10.100000,
13425,41,12.220000,,10.580000,
13425,42,12.900000,,10.970000,
13425,43,13.580000,,11.350000,
13425,44,14.260000,,11.860000,
13425,45,14.940000,,12.240000,
13425,46,15.940000,,12.740000,
13425,47,16.940000,,13.250000,
13425,48,17.930000,,13.780000,
13425,49,18.940000,,14.280000,
13425,50,19.930000,,14.810000,
13425,51,21.230000,,15.430000,
13425,52,22.540000,,16.080000,
13425,53,23.830000,,16.630000,
13425,54,25.140000,,17.300000,
13425,55,26.440000,,17.980000,
13425,56,28.410000,,18.770000,
13425,57,30.370000,,19.560000,
13425,58,32.330000,,20.380000,
13425,59,34.290000,,21.220000,
13425,60,36.260000,,22.030000,
13425,61,38.950000,,23.040000,
13425,62,41.650000,,24.120000,
13425,63,44.340000,,25.340000,
13425,64,47.040000,,26.570000,
13425,65,49.730000,,27.910000,
13425,66,53.820000,,29.300000,
13425,67,57.200000,,30.700000,
13425,68,60.000000,,32.300000,
13425,69,60.000000,,33.910000,
13425,70,60.000000,,35.660000,
13425,71,60.000000,,37.150000,
13425,72,60.000000,,38.760000,
13425,73,60.000000,,40.390000,
13425,74,60.000000,,42.020000,
13425,75,60.000000,,43.780000,
13425,76,60.000000,,47.110000,
13425,77,60.000000,,50.980000,
13425,78,60.000000,,55.560000,
13425,79,60.000000,,61.010000,
13425,80,60.000000,,67.370000,
13425,81,60.000000,,75.460000,
13425,82,60.000000,,84.550000,
13425,83,60.000000,,95.210000,
13425,84,60.000000,,107.110000,
13425,85,60.000000,,119.380000,
13426,0,2.700000,,2.500000,
13426,1,2.690000,,2.500000,
13426,2,2.680000,,2.500000,
13426,3,2.660000,,2.620000,
13426,4,2.640000,,2.620000,
13426,5,2.610000,,2.740000,
13426,6,2.730000,,2.760000,
13426,7,2.860000,,2.880000,
13426,8,2.970000,,3.000000,
13426,9,3.100000,,3.020000,
13426,10,3.220000,,3.140000,
13426,11,3.410000,,3.260000,
13426,12,3.590000,,3.380000,
13426,13,3.780000,,3.410000,
13426,14,3.970000,,3.530000,
13426,15,4.150000,,3.650000,
13426,16,4.320000,,3.770000,
13426,17,4.470000,,3.890000,
13426,18,4.640000,,3.890000,
13426,19,4.800000,,4.010000,
13426,20,4.960000,,4.130000,
13426,21,5.150000,,4.250000,
13426,22,5.320000,,4.370000,
13426,23,5.510000,,4.490000,
13426,24,5.680000,,4.610000,
13426,25,5.870000,,4.730000,
13426,26,6.140000,,4.970000,
13426,27,6.400000,,5.090000,
13426,28,6.670000,,5.230000,
13426,29,6.930000,,5.450000,
13426,30,7.200000,,5.590000,
13426,31,7.580000,,5.830000,
13426,32,7.950000,,6.070000,
13426,33,8.330000,,6.340000,
13426,34,8.710000,,6.580000,
13426,35,9.090000,,6.840000,
13426,36,9.580000,,7.080000,
13426,37,10.070000,,7.340000,
13426,38,10.560000,,7.700000,
13426,39,11.050000,,7.970000,
13426,40,11.540000,,8.330000,
13426,41,12.220000,,8.710000,
13426,42,12.900000,,8.980000,
13426,43,13.580000,,9.360000,
13426,44,14.260000,,9.840000,
13426,45,14.940000,,10.220000,
13426,46,15.940000,,10.630000,
13426,47,16.940000,,11.140000,
13426,48,17.930000,,11.640000,
13426,49,18.940000,,12.050000,
13426,50,19.930000,,12.550000,
13426,51,21.230000,,13.180000,
13426,52,22.540000,,13.700000,
13426,53,23.830000,,14.330000,
13426,54,25.140000,,14.980000,
13426,55,26.440000,,15.530000,
13426,56,28.410000,,16.300000,
13426,57,30.370000,,17.060000,
13426,58,32.330000,,17.740000,
13426,59,34.290000,,18.530000,
13426,60,36.260000,,19.320000,
13426,61,38.950000,,20.350000,
13426,62,41.650000,,21.410000,
13426,63,44.340000,,22.580000,
13426,64,47.040000,,23.760000,
13426,65,49.730000,,25.150000,
13426,66,53.820000,,26.330000,
13426,67,57.200000,,27.620000,
13426,68,60.000000,,29.020000,
13426,69,60.000000,,30.410000,
13426,70,60.000000,,31.920000,
13426,71,60.000000,,33.020000,
13426,72,60.000000,,34.130000,
13426,73,60.000000,,35.230000,
13426,74,60.000000,,36.340000,
13426,75,60.000000,,37.510000,
13426,76,60.000000,,40.370000,
13426,77,60.000000,,43.970000,
13426,78,60.000000,,48.310000,
13426,79,60.000000,,53.660000,
13426,80,60.000000,,60.170000,
13426,81,60.000000,,68.040000,
13426,82,60.000000,,77.110000,
13426,83,60.000000,,87.460000,
13426,84,60.000000,,98.520000,
13426,85,60.000000,,110.020000,
13427,0,2.700000,,2.330000,
13427,1,2.690000,,2.260000,
13427,2,2.680000,,2.260000,
13427,3,2.660000,,2.350000,
13427,4,2.640000,,2.380000,
13427,5,2.610000,,2.400000,
13427,6,2.730000,,2.500000,
13427,7,2.860000,,2.620000,
13427,8,2.970000,,2.640000,
13427,9,3.100000,,2.760000,
13427,10,3.220000,,2.880000,
13427,11,3.410000,,2.900000,
13427,12,3.590000,,3.020000,
13427,13,3.780000,,3.140000,
13427,14,3.970000,,3.260000,
13427,15,4.150000,,3.380000,
13427,16,4.320000,,3.500000,
13427,17,4.470000,,3.620000,
13427,18,4.640000,,2.900000,
13427,19,4.800000,,3.020000,
13427,20,4.960000,,3.140000,
13427,21,5.150000,,3.240000,
13427,22,5.320000,,3.360000,
13427,23,5.510000,,3.480000,
13427,24,5.680000,,3.600000,
13427,25,5.870000,,3.620000,
13427,26,6.140000,,3.840000,
13427,27,6.400000,,3.980000,
13427,28,6.670000,,4.100000,
13427,29,6.930000,,4.220000,
13427,30,7.200000,,4.370000,
13427,31,7.580000,,4.610000,
13427,32,7.950000,,4.730000,
13427,33,8.330000,,4.970000,
13427,34,8.710000,,5.210000,
13427,35,9.090000,,5.350000,
13427,36,9.580000,,5.590000,
13427,37,10.070000,,5.860000,
13427,38,10.560000,,6.100000,
13427,39,11.050000,,6.360000,
13427,40,11.540000,,6.600000,
13427,41,12.220000,,6.960000,
13427,42,12.900000,,7.220000,
13427,43,13.580000,,7.610000,
13427,44,14.260000,,7.970000,
13427,45,14.940000,,8.330000,
13427,46,15.940000,,8.710000,
13427,47,16.940000,,9.100000,
13427,48,17.930000,,9.480000,
13427,49,18.940000,,9.860000,
13427,50,19.930000,,10.370000,
13427,51,21.230000,,10.870000,
13427,52,22.540000,,11.380000,
13427,53,23.830000,,11.880000,
13427,54,25.140000,,12.410000,
13427,55,26.440000,,12.910000,
13427,56,28.410000,,13.560000,
13427,57,30.370000,,14.210000,
13427,58,32.330000,,14.860000,
13427,59,34.290000,,15.500000,
13427,60,36.260000,,16.150000,
13427,61,38.950000,,16.970000,
13427,62,41.650000,,17.880000,
13427,63,44.340000,,18.890000,
13427,64,47.040000,,19.940000,
13427,65,49.730000,,21.100000,
13427,66,53.820000,,22.150000,
13427,67,57.200000,,23.210000,
13427,68,60.000000,,24.380000,
13427,69,60.000000,,25.660000,
13427,70,60.000000,,26.930000,
13427,71,60.000000,,27.820000,
13427,72,60.000000,,28.800000,
13427,73,60.000000,,29.780000,
13427,74,60.000000,,30.770000,
13427,75,60.000000,,31.850000,
13427,76,60.000000,,34.320000,
13427,77,60.000000,,37.560000,
13427,78,60.000000,,41.590000,
13427,79,60.000000,,46.630000,
13427,80,60.000000,,52.900000,
13427,81,60.000000,,61.010000,
13427,82,60.000000,,70.180000,
13427,83,60.000000,,80.400000,
13427,84,60.000000,,91.540000,
13427,85,60.000000,,103.370000,
13428,0,2.700000,,1.900000,
13428,1,2.690000,,1.900000,
13428,2,2.680000,,2.020000,
13428,3,2.660000,,2.020000,
13428,4,2.640000,,2.140000,
13428,5,2.610000,,2.160000,
13428,6,2.730000,,2.260000,
13428,7,2.860000,,2.280000,
13428,8,2.970000,,2.400000,
13428,9,3.100000,,2.520000,
13428,10,3.220000,,2.540000,
13428,11,3.410000,,2.660000,
13428,12,3.590000,,2.780000,
13428,13,3.780000,,2.930000,
13428,14,3.970000,,3.050000,
13428,15,4.150000,,3.170000,
13428,16,4.320000,,3.290000,
13428,17,4.470000,,3.410000,
13428,18,4.640000,,2.760000,
13428,19,4.800000,,2.780000,
13428,20,4.960000,,2.900000,
13428,21,5.150000,,3.020000,
13428,22,5.320000,,3.140000,
13428,23,5.510000,,3.260000,
13428,24,5.680000,,3.380000,
13428,25,5.870000,,3.500000,
13428,26,6.140000,,3.620000,
13428,27,6.400000,,3.740000,
13428,28,6.670000,,3.860000,
13428,29,6.930000,,4.100000,
13428,30,7.200000,,4.220000,
13428,31,7.580000,,4.370000,
13428,32,7.950000,,4.610000,
13428,33,8.330000,,4.750000,
13428,34,8.710000,,4.990000,
13428,35,9.090000,,5.230000,
13428,36,9.580000,,5.470000,
13428,37,10.070000,,5.710000,
13428,38,10.560000,,5.980000,
13428,39,11.050000,,6.220000,
13428,40,11.540000,,6.480000,
13428,41,12.220000,,6.740000,
13428,42,12.900000,,7.100000,
13428,43,13.580000,,7.370000,
13428,44,14.260000,,7.730000,
13428,45,14.940000,,8.110000,
13428,46,15.940000,,8.470000,
13428,47,16.940000,,8.860000,
13428,48,17.930000,,9.260000,
13428,49,18.940000,,9.740000,
13428,50,19.930000,,10.130000,
13428,51,21.230000,,10.630000,
13428,52,22.540000,,11.140000,
13428,53,23.830000,,11.660000,
13428,54,25.140000,,12.170000,
13428,55,26.440000,,12.700000,
13428,56,28.410000,,13.320000,
13428,57,30.370000,,13.970000,
13428,58,32.330000,,14.620000,
13428,59,34.290000,,15.260000,
13428,60,36.260000,,15.910000,
13428,61,38.950000,,16.730000,
13428,62,41.650000,,17.740000,
13428,63,44.340000,,18.670000,
13428,64,47.040000,,19.700000,
13428,65,49.730000,,20.860000,
13428,66,53.820000,,21.910000,
13428,67,57.200000,,22.970000,
13428,68,60.000000,,24.140000,
13428,69,60.000000,,25.420000,
13428,70,60.000000,,26.690000,
13428,71,60.000000,,27.670000,
13428,72,60.000000,,28.560000,
13428,73,60.000000,,29.520000,
13428,74,60.000000,,30.500000,
13428,75,60.000000,,31.580000,
13428,76,60.000000,,34.080000,
13428,77,60.000000,,37.300000,
13428,78,60.000000,,41.400000,
13428,79,60.000000,,46.420000,
13428,80,60.000000,,52.660000,
13428,81,60.000000,,60.770000,
13428,82,60.000000,,69.940000,
13428,83,60.000000,,80.160000,
13428,84,60.000000,,91.300000,
13428,85,60.000000,,103.030000,
13429,0,2.700000,,1.780000,
13429,1,2.690000,,1.780000,
13429,2,2.680000,,1.800000,
13429,3,2.660000,,1.900000,
13429,4,2.640000,,1.920000,
13429,5,2.610000,,2.020000,
13429,6,2.730000,,2.040000,
13429,7,2.860000,,2.160000,
13429,8,2.970000,,2.280000,
13429,9,3.100000,,2.300000,
13429,10,3.220000,,2.420000,
13429,11,3.410000,,2.540000,
13429,12,3.590000,,2.660000,
13429,13,3.780000,,2.780000,
13429,14,3.970000,,2.900000,
13429,15,4.150000,,3.020000,
13429,16,4.320000,,3.140000,
13429,17,4.470000,,3.190000,
13429,18,4.640000,,2.540000,
13429,19,4.800000,,2.660000,
13429,20,4.960000,,2.780000,
13429,21,5.150000,,2.900000,
13429,22,5.320000,,3.000000,
13429,23,5.510000,,3.120000,
13429,24,5.680000,,3.240000,
13429,25,5.870000,,3.360000,
13429,26,6.140000,,3.480000,
13429,27,6.400000,,3.620000,
13429,28,6.670000,,3.740000,
13429,29,6.930000,,3.890000,
13429,30,7.200000,,4.100000,
13429,31,7.580000,,4.250000,
13429,32,7.950000,,4.490000,
13429,33,8.330000,,4.610000,
13429,34,8.710000,,4.850000,
13429,35,9.090000,,5.090000,
13429,36,9.580000,,5.260000,
13429,37,10.070000,,5.500000,
13429,38,10.560000,,5.740000,
13429,39,11.050000,,6.100000,
13429,40,11.540000,,6.360000,
13429,41,12.220000,,6.600000,
13429,42,12.900000,,6.980000,
13429,43,13.580000,,7.250000,
13429,44,14.260000,,7.610000,
13429,45,14.940000,,7.970000,
13429,46,15.940000,,8.350000,
13429,47,16.940000,,8.740000,
13429,48,17.930000,,9.120000,
13429,49,18.940000,,9.620000,
13429,50,19.930000,,10.010000,
13429,51,21.230000,,10.510000,
13429,52,22.540000,,11.020000,
13429,53,23.830000,,11.520000,
13429,54,25.140000,,12.050000,
13429,55,26.440000,,12.550000,
13429,56,28.410000,,13.200000,
13429,57,30.370000,,13.850000,
13429,58,32.330000,,14.500000,
13429,59,34.290000,,15.140000,
13429,60,36.260000,,15.790000,
13429,61,38.950000,,16.610000,
13429,62,41.650000,,17.520000,
13429,63,44.340000,,18.530000,
13429,64,47.040000,,19.580000,
13429,65,49.730000,,20.740000,
13429,66,53.820000,,21.770000,
13429,67,57.200000,,22.850000,
13429,68,60.000000,,24.000000,
13429,69,60.000000,,25.270000,
13429,70,60.000000,,26.570000,
13429,71,60.000000,,27.430000,
13429,72,60.000000,,28.420000,
13429,73,60.000000,,29.400000,
13429,74,60.000000,,30.380000,
13429,75,60.000000,,31.370000,
13429,76,60.000000,,33.840000,
13429,77,60.000000,,37.060000,
13429,78,60.000000,,41.210000,
13429,79,60.000000,,46.220000,
13429,80,60.000000,,52.510000,
13429,81,60.000000,,60.530000,
13429,82,60.000000,,69.700000,
13429,83,60.000000,,79.900000,
13429,84,60.000000,,91.060000,
13429,85,60.000000,,102.770000,
